sample,PC1,PC2,PC3,PC4,PC5,PC6,PC7,PC8,PC9,PC10,PC11,PC12,PC13,PC14,PC15,PC16,PC17,PC18,PC19,PC20,PC21,PC22,PC23,PC24,PC25,PC26,PC27,PC28,PC29,PC30,PC31,PC32,PC33,PC34,PC35,PC36,PC37,PC38,PC39,PC40,PC41,PC42,PC43,PC44,PC45,PC46,PC47,PC48,PC49
DINP_high_wk07_dinp_d1_A,-15.79974613039837,5.86862627920528,3.0549853543584744,8.59922227093493,-0.4258387310266441,4.61224516264392,-13.757931309735511,1.9670506652053605,-3.425808060056258,2.5401810793530126,-2.028275699324072,5.62386490664173,-3.549878595235572,7.387133891178774,-0.8103747546443354,-0.19987132137756905,-0.6450553903125197,-1.1708693483303048,-3.189941355110844,3.9417014872660148,1.1960843586042276,3.887052304546704,-2.9002800340677526,-4.2798091977132104,-9.212590732537294,2.3000538210388375,6.898069921514482,3.9087077944055895,-10.28420709809136,-6.272635612417481,-3.8690778884068693,-8.45159088149521,-2.7706700889153093,4.01478469330977,3.7438254634667505,1.7084502945167126,0.9745165400311365,-0.8947945589914391,-1.2748198303248115,-2.167621528970175,-0.5980407814399282,-1.6027165889477528,8.701748844471643,1.2262394813884763,4.59361441387867,-10.648279861517098,9.368037522056232,-0.9014352915019348,-6.926783429465192e-13
DINP_high_wk07_dinp_d1_B,-11.739167585296608,7.295343791562986,4.862607802273234,10.692482447153358,-2.839705745060724,11.02405406416139,-6.212916172460055,5.514819658328185,3.54842854965806,4.262352154578958,-7.415001102412478,5.03502847561145,-6.712550676741071,-6.881867483780727,-4.839378347763778,9.326230333860956,-1.822610763775275,-3.088846275001293,-3.6392731803636065,-3.159338806671434,-6.577279502120849,2.8077757013343936,-3.4884261262697,-5.609010929726265,0.9275733887462512,2.523917045574462,-6.180482566950003,5.258421544464555,5.269655113308551,-5.028571663517316,-2.144137572099452,1.5684251749515887,-4.1287562360384475,0.21510201215958827,0.0791023771407883,-0.652283041012256,-9.017359711639827,-1.2022230333450978,-0.8195096185305648,3.0328147887405428,-5.865561532832308,11.385676605885863,-6.387527461508874,-2.7085119442837846,-4.9091834392714775,-0.061382184371624016,0.17978354800674903,-9.177987812439763,-7.001430713957003e-13
DINP_high_wk07_dinp_d1_C,-14.399000688833627,2.4725186765404246,-0.110195912444651,3.910869809281888,-2.814472858928986,-2.2928308094840832,-2.679148116524433,14.574328820643212,5.335749394531643,8.177192404559197,0.8495281057448951,2.0388707616533996,-1.8622831171791914,6.216213162055907,-1.8438004040854936,6.255899336724618,0.040549920072535016,1.2938870786058914,-4.020220862523544,6.866636254565508,1.031047335152081,-0.8240161633526245,-1.5993560040569865,0.7186377440454254,-3.2081024877197475,0.9073698575277486,0.14406119196393308,0.18767658168297238,-4.846447771677167,6.35021507976181,1.3372267104405278,6.6668929132019015,-1.0127143948804875,2.7524384577355936,-1.1996751329811068,-0.5084460414518734,18.231506005612648,-0.21115064624056307,-3.0255779374577605,-1.1543892453066245,-7.040014501744796,4.825220876790975,1.0002144799492365,-6.930017987548693,-4.2375974522377895,1.8422976153078112,-7.355773617069125,4.237122479216466,-6.940261908757832e-13
DINP_high_wk07_dinp_d1_D,-8.861297479208698,3.985758118839743,8.413836990027038,-14.890598777322799,2.0269023160220407,5.695240193569196,-4.1445316970109225,-1.4652077762762863,1.31603804472393,3.976754902883841,-7.346665074361131,5.706850166006985,-1.8705583077428438,-2.344512046419528,4.6310138965358085,9.113937110364114,1.7550074859926579,1.1605297625261903,-1.4193689494017183,1.6941696439918725,4.189720676558022,3.0141635509528317,-3.3933242473807907,6.000296027303618,-8.86133805367814,-4.634957339349954,-0.8756922868706101,1.542002875020287,5.613199267739347,8.349915449562701,-3.790297707993632,4.633880718222372,7.306987784518286,4.851145002081832,1.9109700896580424,0.6184487778685924,-0.7152154270508223,0.3917787358353915,-2.9705672339708102,-2.0378948499167246,5.241316531419292,3.010061694877075,4.5926668527902335,8.542602563274896,9.629546142387243,10.766454918798814,1.5807432287980765,-3.1420548109065347,-6.902756417381772e-13
DINP_high_wk07_dinp_d1_E,-10.7103561681823,-3.353519192883089,4.721402928440363,-10.516994032894276,-6.439784043981921,3.320729868492584,-0.6308718078920214,-4.429468223148492,-1.4537639879467954,5.092959595466239,-2.29787529299901,-5.592037473516579,-2.7883983556161,-2.6286163055838565,6.535130962019078,-1.035160502530387,2.162384803087059,2.215061595285097,-6.4592084784672785,7.339598974052638,-8.180334818460352,1.6847477836619473,8.514407515369355,6.756290712171283,-9.007786622205352,0.5093660496021334,6.975534777867242,-12.683564691248673,-5.854148560364009,-9.269206508538204,2.458109821927043,-0.5825307839045327,4.133761342431288,-11.554593305444952,-0.6642817946979567,2.632131112061676,-0.1987339153845074,2.819964202968681,0.7983825625153168,4.539891807399197,3.2274474557648083,4.225714848758739,-4.4740228561678315,-2.71649248169456,2.113835792555335,0.10040047013077759,-3.743537693690902,-3.5007806581258083,-6.845663725814803e-13
DINP_high_wk07_dinp_d1_F,-9.843452301996486,4.060096991173108,5.427591912079166,-12.392356306832898,-4.1692266481302545,11.545203926178173,-4.090900429221841,-3.114759664377429,3.4117129996616806,-1.1672846637748213,-3.340899147744055,4.671396046154636,-6.677807383676172,1.8820750175945238,-8.51860194657411,4.805138249810306,-1.6699852816907768,0.7774112418540599,-0.8291634961485373,-7.030608568202325,-2.300486604990014,0.4621259005815717,0.360918785336977,9.466381490611514,1.2515365535140084,2.9640149633620503,4.72554936139677,1.582791707238865,5.645754452474604,12.019691935158246,-0.7073958406975089,-4.483033331068945,10.33013744422193,-3.28045271353498,1.52682151108318,-4.956413474437763,-0.9526380680174695,0.0951895544783701,0.19820017778512106,4.830818919628826,1.4455423035949766,-6.4143769116109475,-5.7907076922750305,-6.219226992096516,-2.950405918912056,-8.847195145390058,2.9294973349557916,6.242173528290239,-6.904322905319396e-13
DINP_high_wk07_dinp_d1_G,-15.863447408125403,-8.913817823691398,-4.668957527197225,3.2737943560760527,-16.3343553643588,4.367334556206798,2.4254812017941703,-9.1575207628406,-3.3593285194928266,1.9595325025750747,1.8036098500333788,-4.3329487129116,-1.703290438195017,-5.402034941081376,-6.451332973331478,7.0954670927321475,-4.712433210266147,3.1321524095277034,-2.2599555698386635,2.831568986679296,-0.7283746520233767,3.1971452428747225,10.384881680607023,-8.657382179662546,-5.403826247400117,0.40756314728083587,-2.52733531495099,-0.2877588926824586,7.031363488264446,4.271733323422778,-1.3733406870684364,-1.79420933403368,-5.04453431622839,0.9606520518201194,3.464616013394421,7.720945802332898,-3.630672169676208,2.046002874358706,3.6913730162855023,-11.76778429494613,-2.2465695204771854,-6.833699129382864,1.7125822248049758,0.7128852342832565,1.8048762262234819,-2.4689953272463065,-9.143288100464797,3.585117168385475,-6.927267094790099e-13
DINP_high_wk07_dinp_d2_A,-1.6815847084869944,20.375800735157974,12.653587905913081,14.968497615975442,12.608116758621833,-3.6789619189033362,9.182463209025897,-8.093023143537946,-14.87986205390116,-1.9801714469381884,8.314251709749678,-3.2217788922662893,-4.3459275818007574,2.9140402668896495,-1.1822784438029523,5.40345301365129,-3.941605460882276,5.3325200656830685,-11.314552468962995,-4.5960015899065025,-1.8634928646878222,-8.070476890310482,-0.45038160990246684,-7.164295673218163,-5.763843870024436,-2.8974708274157543,7.768789964131983,-2.4529086463718635,5.630720710566781,0.3847277550408046,0.789231745054721,6.4171752239327695,-2.5327173906152196,2.656344109249382,-4.89748449251692,-5.1659789413346395,3.4223092625852427,0.549230207648586,-0.40169091927985795,-0.418072603060032,7.831133445065891,-0.8525366312621322,-1.963776211247269,1.4621416273771703,-5.395436417819619,0.16885175355389678,4.279272556218363,-1.7523300158291484,-6.9481783671159e-13
DINP_high_wk07_dinp_d2_B,4.342644612212033,18.80965415197485,5.12457137739138,14.674580771863841,7.237292844334277,9.351402275433092,20.950477600274905,-2.905923852679374,0.18056952851193486,-2.9684240049880484,-4.826347122935937,0.07247928883587133,4.4886579361282255,1.3509916827329158,10.348505717038774,-5.117766570157285,-13.573998468400806,-1.906511996086889,-3.3419122990418906,-3.0692723266296995,-2.315453663657292,13.134491601217176,4.809336778996003,12.68947786847577,-0.5225967809776709,-5.6184795702517984,-1.951018431338808,6.026729683456857,-2.84244656574642,0.5435948821570026,-0.0029832130433294418,-1.7753249951909822,-0.91470265370414,2.17970293536769,-2.307648131823851,4.921887995185034,1.5652939446264225,-4.633318617594872,-0.9910726614496802,-1.6844519466300392,-5.015909021756302,-0.7513334343338626,-1.305301173807545,0.7795540623140689,-1.4939999767502552,-1.0794328108449798,-0.03910279445508072,0.17606230657181934,-6.950048102716595e-13
DINP_high_wk07_dinp_d2_C,-0.8636656345122526,16.012469791288215,3.517855929396243,7.301401166717244,1.3372641324982044,5.445810199272985,3.54420046841029,0.17894965273493085,-2.790110333314642,7.7814619880433,7.69851961657572,3.121889431755716,0.32628495665657475,-9.369673602981308,4.132527581977658,3.783818222959966,5.212452710301308,6.492062431465484,-4.144946109678162,-0.4281139708659314,0.3220909580525393,-9.064846644438019,-0.4446539852443498,2.8030964914379966,5.095759019639624,-1.2150793515240985,0.9090883503205429,6.880139126373053,-4.337033659124852,3.5012246243932768,1.2073358402876906,-4.442850858378665,-8.404330893293231,-7.820884844997057,1.371252398035849,-2.973824089151494,-3.4605672457368253,-3.6355071147062907,8.031884801618313,6.750318844136885,-4.657118669337246,-3.2614375243832536,6.002545070111008,-5.7076930740762215,8.807558112998366,6.158047363521967,0.017562639476885678,2.9127187935535392,-6.933562718727251e-13
DINP_high_wk07_dinp_d2_D,3.4186932220486788,12.6060996018319,10.490322785668061,-14.842426151433203,0.3737763571278999,6.24112352310806,-2.052808012902507,-4.787562245837702,4.908201059887649,-7.9404512728253005,7.9780115568977354,5.7938382435978735,-7.335321298685558,3.0444974029685574,4.582912150906557,-5.919614799892667,-4.5356039651534426,4.511288863087661,6.202260263311265,14.748114458308267,10.840597746085272,3.102535063805317,6.473089934771143,-5.44292354416024,6.657130355658711,5.508534795691751,1.444159817672155,2.8862028059332947,-1.5119375185271362,4.873478008398329,-4.110229649430445,7.222653285508278,-5.262575377218838,-1.0867610652576933,-3.70897070024542,-0.51194063862232,-0.581127643066929,-3.2845053723702615,4.263936570447217,1.8381882162246108,3.2160058560476097,4.665716775795474,-6.684454304031512,2.0609755718777274,2.6309080466580976,-4.46025767321035,-0.1602389269560787,-1.924313028857801,-6.922362078832962e-13
DINP_high_wk07_dinp_d2_E,0.7234278422251212,5.322383841263844,1.4576111191080023,-12.749403875474474,-11.962907831617189,8.781053030113055,2.377123391581531,-2.413973436286857,4.783015373022362,2.957453084179679,4.177658655575341,3.1837044227037765,2.7029197791075092,-0.9536005709979792,2.3544935514652274,-10.092639172981245,0.6349406000708605,0.966405415642557,-4.318247146865611,0.7992406382177653,0.5107884575621298,-4.1588288070648884,4.832101441497183,-1.4323247658628198,-2.1325888660977266,2.575969569200139,1.4544938470284485,-1.408130123750872,-2.546189287266675,-0.6410980562672668,0.6255939274325297,-10.53922375845566,-0.49999619669133116,18.68223222298168,-1.1533447613141063,-3.1384387228065234,-4.09256082644079,8.517090389382028,1.2535680425166518,4.848335928713637,-0.6629164652966306,2.202995875482911,-0.5561367465471638,-0.04690835788141893,-7.319096236598995,7.4180376918647495,-0.5269378341490981,3.2509098322096026,-6.88679050844437e-13
DINP_high_wk07_dinp_d2_F,2.370731092771018,14.281842843579419,9.565931754002541,-7.692034862643112,-0.7720793345083312,-17.209557945797844,1.130311213490332,-0.21998042364448805,-2.6182480204558565,-3.4405054954347056,9.87532680912563,0.11504836603182164,-18.550552206047197,0.5357550297608205,-1.608287468101018,-2.332601881657588,1.3020870428210378,5.330468928798488,-1.8886915831145925,2.139022601863932,0.5669447523605169,3.708909429281232,-13.548744161639785,6.550534293402604,2.1742841999799034,-1.349504130334781,-7.02003037073303,2.1800363852017037,1.9740200079565993,-11.741985502462924,-2.101816306664711,-1.7293471730906,6.405014848252265,1.9458495379888485,3.7908447160607235,5.109182981293628,-1.7410138843810417,-1.527335661017183,4.0559931088901,-1.267358131271862,1.2234005825522998,-1.4641050994488578,2.375076558279885,-0.16178745693471883,-3.199345132221035,0.47642637502411334,-6.14462556913928,3.8149540726536504,-6.885845133354511e-13
DINP_high_wk07_dinp_d2_G,-5.743879664263775,4.540221513429397,-7.611683172657447,3.245196216933624,-19.023974335846024,-17.478416604551807,-0.9118243007583142,-5.680902921897519,-1.0602864388200435,4.79341133046578,3.4480615681911626,0.6113674699113957,4.811273007533557,-7.053606935941899,2.801358752218303,10.661938061521619,-12.10153763835887,-12.451859230131241,7.154610287062013,1.8632410455596773,4.789848282316201,-10.499262298248144,-0.9648599297733207,3.9564906039836676,3.6238354076946395,-1.2474948954943212,7.687554875530582,0.3740076211651309,-1.8033852553323746,-5.03018393681632,-7.2793624826115755,-0.6540967855486439,5.991846069188026,-0.2355266083703514,-7.5731602114833825,-0.8632289384836822,-0.7152942201246411,-1.9191473716329985,-0.1631340366008565,-1.1172118491129004,-4.348898541267515,2.032397974568183,-1.6372545226449655,4.03800048206575,-0.6542703109004535,-0.7694284427519397,1.4225703577405575,2.608340088424312,-6.845550615360629e-13
DINP_high_wk07_dinp_d7_A,18.956211380013848,-1.094794388229272,-9.089540849642956,4.449747478393647,2.1625024292880948,12.996856002213557,-9.285281412159923,-14.321680618151584,-0.9292702564068961,-2.6659155473345657,2.805033581925107,-5.130292261518089,5.716374856557249,9.119294309507376,-10.648879738151724,3.453665176819865,7.957109540845216,-9.74879516379343,-5.405177835787753,5.15865344356274,-1.279581295728098,-1.4505379063149046,0.29755676014788557,11.87945975146588,4.944680134198524,0.6371900139235441,-4.562738101782343,3.7194449179205913,1.8642288656428143,-5.294940662912123,-4.331927468440017,7.976430634899994,-5.115541782901613,2.6507049832395615,-4.395588971236714,5.499769489801753,2.4725665729021182,8.597406330930927,2.259188410454676,2.688633011749304,0.3057645002332352,-3.205696425929855,0.4128345084061921,-1.2404193044741494,2.061304473080021,0.754816467438443,1.669062157630649,-0.9222429763562742,-6.841065907975458e-13
DINP_high_wk07_dinp_d7_B,18.896936480187474,12.669751063053436,-3.1848347002717134,10.442425260579697,7.029262956477628,0.6049639050290295,7.484252999243609,-14.145408116814666,14.128472851769596,0.6473413045265549,-15.565675515186706,-7.588691179401972,-8.236578079502703,2.070092535206354,0.7980519778363383,6.486281992107364,9.255601470214739,2.018799287236262,13.145303107110163,1.6256818728780318,1.6159779311520301,-3.5455151476402285,1.1334794986482049,-1.8493423691883033,0.24726980540462665,4.12820398062339,5.000219233184793,6.1123117677948136,1.3668403043061665,-3.207588690419186,4.776088643793863,-9.76201065179241,-0.9648439318078575,-1.0504441465092813,-1.8293198801369321,-1.478592846463984,5.6375790530868954,-0.19199720341517226,-1.0643906024936225,-2.7523360558297942,4.563243558012736,1.245916101073504,1.6999242303723399,0.42453976888179984,-2.4531660949043244,1.707123539732366,-3.27686245310821,-1.622160977382109,-6.86465995133396e-13
DINP_high_wk07_dinp_d7_C,16.94485501784493,-8.577853777327132,-11.762542829204635,13.321131623516973,-0.17951126265264136,5.009349150625675,-9.782962221992895,8.865728205190171,14.768350598015305,-11.535060005543677,18.171588693205944,-10.936500752138715,-2.3539819089303564,7.395273502244057,17.15634852547971,7.4049227145159975,2.4015638774338472,-1.9921165989485121,0.8926932270585757,-0.44506963256700155,-6.729068218069874,1.879930460083524,-0.8306548946135239,0.2364805227404945,-3.0269782131422303,-0.510165742541887,4.003458041937033,-1.125086019475344,4.484242093265718,2.9675101035248717,-0.26335551864852313,-0.10637014572274336,0.5330870902302854,0.2894120797690907,2.8256576851160973,-3.9716477661629375,-5.832884450889815,-0.33183458627698725,-2.593195338039361,-0.46497137426922486,-2.97084121653052,-1.3268009040443478,0.7333084798979347,1.6815985374420759,-0.3038935262706911,-0.00600100575717283,-0.7534362426685559,0.5997089523751356,-6.806869118217254e-13
DINP_high_wk07_dinp_d7_D,31.330630589031337,-48.13364998240716,65.46489398468529,15.411224014314012,-5.346425750073786,-5.286132069712202,1.5287419051944255,1.4299626627287265,1.7304010250955093,2.150259287926098,-1.1543596951708908,-0.2518219351290509,1.862359472694983,0.21854253109867244,-1.232412552911415,-0.7693914425577992,1.0195140103436833,0.06737386922375732,0.1049646341591206,0.10095466742450795,2.420049059632982,-0.9222291955088967,0.1726688155527225,1.9475688822663066,0.6011788378022372,-0.11414394970356556,0.7838664195075928,0.994544016420844,0.08612024178291379,0.6620313398718592,-0.6941708726762583,-0.8124566490049832,-0.37390782450837445,0.4515955379553562,-0.16160629678621247,-0.48461397284614816,-0.3267436311610379,0.46568177009142053,0.8314276123683315,0.3026664817609848,-0.7272877979919957,0.18014403910915433,-0.15732867917668572,0.5169817015171573,0.21535300943655167,-0.7892448059826066,0.02761343532900956,-0.0103382356109443,-6.846683761950585e-13
DINP_high_wk07_dinp_d7_E,24.36402947487762,-11.039303880134291,-4.9767373094416945,-5.84532689537897,-0.023051542616191294,2.081285575112759,-4.3268034109161455,-6.166379179748319,-5.208327324849539,3.610691417626492,-1.3061233379296293,8.742314418578658,-4.378410876968365,-1.7581132764679772,11.01220932176932,-3.503447318478701,-4.108480102023029,-5.484595923832664,0.9163388987186504,3.902389884151888,-3.7859523408338545,0.9049827537413951,2.00368247597409,-7.577715969454256,4.128670544064254,1.353095626219605,-3.8947221362105346,-1.2039503760366623,3.2953180472602166,0.5392676750137743,-4.99558909292978,0.42136922594594795,3.667031987353686,-3.433281535632201,-2.0294040653540932,3.728367111263355,1.6924938055186147,-2.86142702277286,-6.522280897050005,-2.954688020821825,3.546125072826896,-6.275483843431806,6.73698521412332,-13.64314373593491,-5.4618511765206375,6.391940837002249,5.34090668393607,-2.556944746362544,-6.856251763472678e-13
DINP_high_wk07_dinp_d7_F,23.424154540706606,-10.795869045354113,-7.538367309642871,-2.309640988009556,2.8896306185572214,9.408185528351146,-4.800470268409562,-8.150176295447952,-7.459178225753441,2.5159502261080657,4.038772548770684,12.981193679629307,-4.18224425806012,11.014578163709906,-2.9352828333038863,2.1214607570237547,-6.902176612376286,3.7506506522220295,9.951582147241243,-9.617643064694692,-11.020077469468022,-3.1315223434302095,3.9056948821185244,-5.2753602633643375,2.716054753939775,-8.342864031081978,-3.941490032922602,-0.8064820865842366,-8.399208000163439,-0.7936638598227426,1.3241308323254153,0.39242299353613475,3.027287490739043,-1.4283300316506242,1.7750164655794827,-1.7014578262789049,2.8848813115769922,1.0518937900202217,0.8353518824946082,4.284688745861001,-1.8303533378278918,2.064219792447351,1.1399061998631317,7.654039826488062,1.5993561708380721,0.2232995483083851,-6.7754899164246405,-0.23197021935060066,-6.843668393479514e-13
DINP_high_wk07_dinp_d7_G,23.265390099851555,-8.151391699252683,-15.825736090921097,0.3109358090538663,-7.3821914366307455,-6.3513658027204025,-0.6681292482217153,-5.5563137777421305,-8.680384300635826,-5.373460083329697,-4.367197656841037,9.986215185543639,0.6301301510262788,0.8258750436630298,4.982748386472796,-0.8857182426436752,5.681610150333509,7.933199204791367,-5.128826190577071,3.265854812655208,4.493262062739925,2.1193898122242953,-5.162015076794134,0.7463119294241485,-3.7623809259589023,4.738860012587595,-1.6931776269171464,0.8341494920573073,2.2486954659444054,0.98126666417027,5.369693086051967,-2.3702196328110623,-0.9486882421192634,-8.603098919807191,0.353064275711086,-2.280038588927304,2.585918998163241,6.298871267336744,0.5669613488422023,-5.258393351454293,-12.043481770674832,-0.9980039513018493,-7.513816056306666,6.905545720146189,-3.789131762943526,2.9413697950100475,7.384333901725713,1.58579972118637,-6.864572637963314e-13
DINP_high_wk07_inoculum_d0_A,-25.610823944540012,-14.734714144683338,-5.932113605019255,3.2292595075233175,12.686337209366792,9.024057344695569,-0.4156942492381944,1.3456958919253952,-0.9834638018698276,0.8203049983642506,3.7851480598059566,-1.2312966392866644,-0.2981566848685304,-5.47579972286016,-8.544995645890308,-9.12060306375464,-2.565166791258419,-3.6445760255090276,4.553708636765245,6.598849463369817,0.8135424292519374,2.116840674474245,-10.76747228428699,3.599103286178941,0.8032865113355465,-4.669228624753913,9.145216680594592,-2.458316000458576,-1.988347352478196,6.886450872172592,-6.487411522494113,-4.456460211699297,-4.916089506847466,-6.458215003726223,1.0890314953130615,-1.7053821896990538,-0.6082877149999402,1.7272330517174703,-0.059059449565902054,-0.5252304936310919,-0.2315571156396541,-4.717403050830688,2.018712931932913,5.338140327096386,-9.233028224533355,4.145393476729783,-4.698363831585934,-7.535824874409372,-6.901111804918052e-13
DINP_high_wk07_inoculum_d0_B,-29.692928736576107,-16.52793316797578,-7.993181432880111,8.45226053867084,15.55033282767255,-7.51811372950271,2.306186121254748,3.0272741220457453,8.585552024554664,-6.14007110818364,0.4686743083721144,6.700129121864544,1.4627608228933768,3.548103878018832,-1.1407033090450427,-5.2085201130479986,-5.516629580166617,-2.146512004320697,0.10526457088314561,4.608405565038134,0.37255707434286944,-8.0981077951787,1.5547688612697375,-3.002178289139051,-3.0085947260332104,-9.474497222256238,-4.155840062082818,0.43119761210607754,12.067987114296825,-2.9197236317461126,-0.9834520998846635,-8.925940332384117,-1.8548538463316406,-2.9558330956107466,2.438042359899262,6.814189761580302,4.069885975254872,2.9985426708113203,-0.5076662751326863,5.177329050448134,2.422554855257271,4.522958445846695,-5.490078366216622,-2.1336311068508587,5.78449155331174,0.7155943569086665,3.289028971647388,5.411033533915772,-6.936441650908128e-13
DINP_high_wk07_inoculum_d0_C,-25.809444890061624,-19.12443318446488,-9.824162892706976,6.794638301231404,7.250552695327115,9.278333260552206,8.326252260664033,3.2063896863240196,4.390346290538315,-1.530055759764077,1.584397218692585,11.767170357518948,-1.0555163703570722,7.20378446807654,-3.669604991710337,-1.2633285107374155,-1.8291241898466566,1.7132739788798907,2.6784915062837333,-3.3306219060840627,9.887398948433484,-3.4617134292894405,0.8108339515205117,4.666139394157803,0.011607685879724087,5.391925383258432,5.429050003596787,-3.9777239319420072,1.8777870782964767,-8.500397430445995,12.174627577076112,7.341418813655808,4.198971283967332,2.22877437943812,-4.735687712515877,-2.5076054921590933,-8.115245712026962,-1.6744861352651332,0.9697498559071049,-6.045535526618871,-2.5545553757750525,-2.1201882802948946,4.360078626538613,-4.92245082064971,2.5089280903495284,1.5788675505939962,-1.8689554535899182,-2.5684721402039625,-6.933799990432222e-13
DINP_high_wk07_inoculum_d0_D,-20.189092810954588,-14.902223699717482,2.367000813066431,-14.484678310241344,19.07271297671978,-0.34764357643504895,0.38050371346682704,-1.3273979450951137,-2.826083371610056,4.645431730614951,2.609532312253388,-5.444782457996659,-0.10900837651312652,-12.64899625835744,3.73995922797098,1.6742409276583525,0.06824209678501533,-6.841730604353659,2.7463345783357513,3.179245055330767,-0.8639158960008266,3.951851154244643,5.295481403367916,-4.078131423792722,-3.332157494237814,4.030057595493007,-3.793002495569857,10.716545834205576,0.7054867769943958,-4.500893427221376,9.366951792556765,7.120606824777704,2.4276193260328705,-0.9669360035292707,1.1544594665830796,-3.015766640499997,1.153725810708163,3.0745995730863496,-1.9694546385773861,7.927926039021603,-1.975442769107421,-2.8500149582866956,5.0685786753188795,6.060058707572182,-5.024597720077152,-3.553781790834188,1.5642826525688094,6.157344485843204,-7.001052044661489e-13
DINP_high_wk07_inoculum_d0_E,-25.070849583309837,-14.966902251108667,-5.759981473104673,-6.581396920392615,8.3484588137538,-7.986640119118737,7.565213902914819,-3.977261548082044,-3.1692217343758733,-2.5705700047785,-2.0997012873531666,0.6238143823146362,5.482866296871609,1.1947583776498167,7.4406568933118695,0.008831305931948684,12.227346605217342,7.059315675020072,4.082073114803961,-2.8974545518929724,-6.526692093644935,-7.3510510994178,-0.8930868259803776,4.268327489406958,-1.728369384440586,-0.09756524655892695,-4.47083747523047,1.733160305378707,-5.674987110972682,7.539654014518411,-8.247509400733273,3.2043974470053627,-0.10231993774591233,0.9867686404829307,-4.827742455812396,4.846258158124999,-6.397839883887419,1.110806142520815,3.2512949322636926,-5.845666485446457,1.1747996478044391,9.22491014189413,4.004534439577845,-2.448503436094273,-5.636371736277681,-7.195531059391408,1.357635219044237,1.6703398762343926,-6.977292038434959e-13
DINP_high_wk07_inoculum_d0_F,-23.52525631527295,-15.994469107212565,-2.7757547240530314,-4.97008339285679,9.523415381439776,-1.457956635341335,1.7520531953175902,-5.02999316336017,-3.8551577604866414,2.2673868608748107,0.9731964779347548,-5.333048784002745,-4.216984435942401,-3.7068153879488435,5.050859570357008,0.7013422938216127,2.8073437263603056,-5.901226931996165,1.641063218327273,-3.554291248294533,-0.941018301008228,4.428754228315686,-3.2787964463943906,-0.9941000237431087,1.4219050700898008,-0.7925441482388791,-8.661841205436119,-3.491094055492969,-5.405326894888228,-2.3426008604371305,-3.929160711303005,-3.498594100380251,-1.85625008994408,6.554618800605095,-1.9579572374745586,-14.448613673913693,5.3457338957645035,0.03766573612465386,3.193704661629066,-6.988553660294833,-0.23236332921794287,-4.573286646351996,-10.461132369491215,-4.317569057867392,8.554325452213549,-0.23535029592712703,0.07427279656450728,-2.3979847610846208,-6.851709090507122e-13
DINP_high_wk07_inoculum_d0_G,-26.018553008233766,-20.816846024460776,-9.794270220143344,8.523581415159542,-1.9638662795579365,-0.19713266303280338,6.498359110634508,-5.995219828587574,-0.9616616916865091,-8.069735595435436,-0.2907224074712251,-3.9310584302977802,-2.7073074171081233,-1.5883668467565193,-0.9839559825338413,5.02641725990575,1.9555558827921156,2.2049483867399013,-6.726585373599734,-6.863400930400091,1.6653941781900816,2.9929783126553047,0.83557556777658,-2.5908565805729795,13.18867801188025,12.360915679342568,3.049113652020415,-5.524637744879844,-5.779610917722918,1.1550568260903462,-2.9418804517622976,-0.21025336062451927,1.72572221736937,3.12835582967605,8.300537789851937,8.21553564031117,4.449534363715512,-6.698748338436498,-3.648804508882109,6.186504029639754,1.041703487185347,1.7680164433792724,-0.7396989452790185,4.460892544900248,0.8457380982037,5.090872121753063,3.072415776237266,0.9873113475200644,-6.943794124802778e-13
DINP_high_wk07_control_d1_A,-15.526656395556321,15.741583794401905,10.656479684805653,13.774205194927937,4.125489799041695,0.615060984201926,-21.345359298517373,8.896242307210436,-18.098559709540364,-19.03756924820108,-13.184882533038994,-6.332952004758814,2.105151871322956,-3.748688211601814,1.9862124451132803,-7.148994569404947,-1.1696412908441576,3.833106630399034,5.9110859543027905,1.7160944731119439,-2.467495866815617,-4.920958736807397,5.797051820731483,1.7304278568920328,3.8581187214082626,2.055682448307424,0.7790506423004103,0.40142218226281695,2.0209707695469303,-0.49072223564481227,0.016519687806266028,0.3255911857906406,5.107181497992536,2.860986075295396,-1.2699839019603643,-1.5411908021110314,0.2335802634373067,0.9647800528409899,0.21564552107503576,-0.6071040823911877,-3.7102672248000848,-1.119340984440901,1.0950197782609352,-1.169228248489308,1.68601546706668,3.190675435855633,-4.324058115266208,0.9670204783981062,-6.86451264314317e-13
DINP_high_wk07_control_d1_B,-10.933668122439707,5.2626322528976015,1.365609133284943,8.762038067357619,-9.430311378080463,8.620984603275126,0.9057244541027203,11.617695947772365,5.934821772303754,5.911637738716759,-7.96270350878479,-3.3183282217888768,-2.48190689847072,3.954477269101404,-2.8950796594757144,-0.7364835439651755,-2.9520992682596883,1.4406728951201773,-0.1931211766975444,4.240369238528214,-5.937064458934637,4.219153880525272,-1.4344362966777442,-1.340538993087301,8.574631375140019,-1.0493525683981384,-7.111544250320016,-8.514096487932415,-0.6844786815491363,-1.6823288619676269,0.5997523992134467,1.4314221785931804,-3.3691021207111644,-5.2824945131574115,-7.853008795866495,-5.720416790757995,-2.9297206896577217,0.2874152913501152,2.7409847860244883,-3.849199974423248,7.361713030581955,0.21709035095992388,4.194067464939042,6.8640101212464755,-1.8302054742580371,2.8882607034667203,6.7311387600428185,11.398832297190225,-6.943125632853348e-13
DINP_high_wk07_control_d1_C,-14.583822860773578,4.8061561955434655,-0.7528786350089574,6.822519948652871,-6.430346318503353,-7.000149022338734,-11.443917646967794,6.123865744164221,3.406518028272709,7.684946157130251,0.1458681581680653,-0.09926409958881922,-1.7292576312303565,0.05971628833765836,4.2027138508999204,1.2538350256414006,5.151193808601041,1.9957142963316827,0.9190400501288196,-0.8207024955033851,4.421435524290888,-6.135564693991052,2.943043415250205,2.4233440411604223,0.4901330473330991,-6.971286210573609,-8.566498094190035,-0.8605893548447819,-5.597844417009011,4.199647372769799,10.543792942869308,-0.5733147345068418,-1.1634679852130008,3.2538321507504033,-4.262042571492903,9.637361723957483,-1.3343769557039837,-5.149382254066434,-1.7766521994314077,2.578760739426669,4.198906915903972,-11.207629816511789,-7.318606996927435,3.953801565648841,-4.332759542554342,-2.0075602896365212,2.0675821977975883,-7.18089059175332,-6.922563197726942e-13
DINP_high_wk07_control_d1_D,-8.54441522817496,9.883228440965851,13.705878438001736,-22.865467513446216,9.656197983716213,-9.380251716977734,-9.550837552868929,-0.16667043969179807,6.902641351146241,-2.17417135859476,-6.917805085257738,-2.570410429323404,6.601643824720361,6.042789673313938,4.862507226970425,5.615607544773647,-4.287723855794719,-0.7009102593068992,-4.03963508294413,-12.356088998165967,6.428772721807929,5.882781961548954,-4.115707819098388,-7.218577988447024,6.7780152178847075,-5.7174848713140936,7.601274468061765,1.1271437945606195,-5.287553534578694,-1.8090823764676178,1.3729995765939487,1.2933097289120583,-5.6094677798784565,-4.484448491110532,-0.20657043624909313,4.7801435199994655,-3.9074445976657186,9.616075608377205,0.1316819848659197,-2.538001866552253,-0.10959751255638284,-1.6662962895990967,-1.999837256186077,-3.658801778137267,-0.8954326389537333,2.9043695895011936,-2.548241190600437,2.8266180502772262,-6.897900697670624e-13
DINP_high_wk07_control_d1_E,-8.517227370501475,-0.8638542764831304,0.3320331757403706,-12.11735168201047,-12.811019756383695,10.55849326898362,0.533498941446316,-2.230913364116381,-3.218826773634326,8.362782960979155,-5.883746737544182,-7.84261105172542,3.443112103035427,8.426697229246594,5.969051076949798,-10.582773837215905,7.110624992719406,-0.5166862365735542,3.808405028178078,-8.921298462628533,3.962174722412783,-0.3750357852152877,-5.4753272012202805,-5.300080140534259,-4.487619478880413,-2.3333743923402976,2.7631921218370934,-2.3865176320188253,11.819894911675336,-4.522514501372492,-5.301675443305038,4.161030554310237,-2.5811683211713894,-0.19753315361567797,-1.987695846361188,1.265880679201784,3.740701136719872,-10.750460589531249,4.533969846157584,6.337906737086042,-6.403632065316545,-1.8281914888904756,0.710841082227387,1.7825931286272796,-0.3664931059652786,-1.680970661794972,-0.9768085406680197,1.1027368312592818,-6.91381695013408e-13
DINP_high_wk07_control_d1_F,-9.031323141447597,4.655024686347888,2.056949373280904,-11.848414570629947,-1.9666426473139953,-19.86835408019442,-4.271612271023022,-1.596609231711849,-7.4335280211180885,10.810159666214515,5.105496929489683,-6.507990056200451,0.7953740170393638,10.252310803755847,-0.7451637909381594,-3.775761067967908,-8.59447604687095,-0.4939978718331385,3.1792710510888273,-2.944269925312442,-3.083762613498393,0.947776627969658,3.0348551539112827,8.776136836714423,4.808832611373135,9.81212913311935,-3.3517721011126365,-1.319345888380594,8.50219298893537,5.302350159322993,7.206726805025959,-5.529276337666253,-8.252610687847973,-1.2050381764441802,3.119634395770366,-2.889820150785383,0.11655427649082162,1.4173254266830013,-3.769809931545079,-1.1032347932648552,4.710260239217827e-4,5.659467600439109,5.3530883389827055,0.5597436740687513,2.166121603832164,-0.8141484438312516,1.4320948029823968,-6.427741883029623,-6.9162748983038e-13
DINP_high_wk07_control_d1_G,-16.0401474794884,-7.129964492042262,-9.332537788717264,1.1248950404436255,-15.938473166687682,-16.114792762464848,6.787709490031816,-0.34862303068788325,-0.33726510344589095,-2.4718725577517597,0.9327150701552824,-4.029476637676637,10.623923705745275,8.892754132651682,-9.020986856008546,-0.34504655261437084,3.786288838880726,9.350129845334141,-1.0625667335063258,6.9364430701785595,-3.413330871276052,9.406874667496432,2.7185076884935584,-5.205088209760917,1.235282372920619,-6.803014302689904,1.6351516128629346,12.737284006020229,-1.6174037635796474,-1.7620307401110846,-1.5669941860070895,0.5099474054145381,6.627467495507605,-1.2234720114662074,-2.2747902680544905,-7.229561192432495,-3.786612680213023,-2.538278388273226,-4.390953080548637,4.621411982701187,2.031463501604403,-2.2027054904562964,-0.5920403193048367,-3.21774950934345,1.1276876565464298,3.689738806977287,0.30098348456165347,-3.7681838990390504,-6.926715572065146e-13
DINP_high_wk07_control_d2_A,3.7567353569531483,19.37554964527321,9.38369181108133,9.268648220996122,2.5563586130928164,9.46322583638947,6.740611467084251,-7.781130512470176,-7.867334461217743,3.0431714301172477,5.38312195219953,-10.04826212730835,5.490618467120636,4.343621309658254,-4.053867176778278,-1.0606743550198914,1.9602150701945438,-8.075304029503153,5.525810250635527,5.866759375999819,6.011998552873588,0.7523634869291869,-9.09328159283428,-8.598187569538945,-1.4472818233668832,-1.620602030309652,-5.989173283236486,-6.786690838795224,-4.688693646085995,7.485350382999362,7.930338396978513,-1.831730670756611,9.959609961051923,-1.8458784650069928,3.669568330671288,3.7712618698104476,-5.6491387782526115,1.4741378077142446,-2.5618701777292268,0.5494108278896251,-3.880418871801361,5.639450440540086,-1.3504349535713414,-3.9595222291064323,2.4216536819291865,-0.1643535135046325,1.6357595387707553,2.1268013224034292,-6.913829304741655e-13
DINP_high_wk07_control_d2_B,1.8893618100425318,21.31859639018508,3.0750320412917027,11.236653635663265,5.757908537687127,-10.020395684990877,5.665081870482073,0.6374893925450714,6.868029660419454,0.4220379979984662,-5.225666529109786,9.605714365872664,9.853023863257349,3.1521089435028404,3.6121603208459443,1.1209779332520609,4.07682228261037,-3.5146762201350645,-5.845528171240275,0.5257866308327741,7.11530015952131,-2.0418608165051344,4.685692041760164,-1.774166329528323,0.15547763286973038,4.994877385578285,-9.293180176709871,-8.178749656361045,1.3933708028683798,-1.3784014185047908,-9.192380968389699,0.6033468060744884,2.4816500411062217,-3.6884549116912613,7.736573420952938,-7.869042015802473,-1.8295090008903387,3.0156605508521634,-1.8703236953675169,4.539177918967084,0.7277519580381763,-5.597792394056585,4.150695459862933,3.304213558664083,-2.341370239589318,-5.228954884319872,-7.323191951876971,-2.8928504170853415,-6.927137515417059e-13
DINP_high_wk07_control_d2_C,-0.35541043884676704,14.686933080046707,2.8537811026934414,9.981059079894305,-5.500371208242727,4.578408050755174,4.826920702696879,12.418030074864653,-7.563331768648965,9.763311018802025,9.276133384132828,10.535428581210889,8.418526541807193,-5.531062484737306,3.087671981187041,-2.887436091202346,11.618188719042923,-1.8087833565194176,10.090563703969028,-3.5047073843910796,-5.255850016538877,6.069233256752629,-0.6256560165508551,0.1597932928802637,5.626423060034049,3.2863602081653207,8.085623906642253,3.0924224742192767,4.916074957504864,-3.6791608077940703,-0.022283914051913784,1.9209885405691036,0.49846656796451405,0.7003394735905211,5.027282287624587,4.337620199749686,3.437393455419426,6.094389971029879,-2.913944476135724,-4.74772629669146,7.498076761479535,0.03830224088304057,-6.3697170037601785,0.6643649692368124,2.417473391233115,-1.6058508377179224,-0.8394258273376791,1.550350087145961,-6.885723572189635e-13
DINP_high_wk07_control_d2_D,6.228595460894801,11.44355445519069,12.057688602044927,-21.18643980883165,5.672942446489503,1.1531296499364212,0.12870547907070634,0.8937232735016477,9.03480643220148,-9.271578052486321,6.0920422990964695,3.803088079924699,10.050484722208411,-7.306188590774394,-6.483517080459134,2.5832710978838933,6.145106181499644,-1.3656244588695445,-5.941766984930901,2.1046676286686137,-7.809690519425914,0.6340742181275103,1.9360279469148507,-3.635300514049542,8.022919994931053,-4.857135493294302,1.1088019708861534,-5.75684972347994,4.291076060057123,-1.4880036582540062,5.727438040818478,-5.66427572092833,4.948390231003338,1.3375758154997563,-4.300474655593222,0.7899972642617283,6.962067083594794,-6.559442769827962,4.261590085623475,-5.985251548584738,-5.307307861528914,1.2734232867491033,5.235381813913058,2.927702251940246,0.30164576056046216,-3.494648757540749,2.6409402952287047,-5.778297719884378,-6.90743501660872e-13
DINP_high_wk07_control_d2_E,2.7125917038864262,5.233330936231441,4.91902027514978,-12.44568685726765,-10.261733201857943,9.907839253780207,5.19503516106788,0.1665147995796205,9.219402945961718,-4.677048998977415,-0.4018334028273195,-4.647706349628803,0.01521745881820595,-3.2707450994202136,-2.4468588733223435,-12.289866869044102,-3.88615012509238,0.048867874276434596,-6.321592666538542,-3.240073173531339,-4.741401024464934,-15.404620431011306,-5.407744916175553,-0.6738846708085631,-1.0303631453926274,3.25024929020529,-3.057194706346733,7.523439209617473,-4.605365668590647,-2.0700236169926862,-0.02836825157581558,4.489545722671304,-1.1272171429883746,-4.4527766326689395,3.2928460426722514,-1.0893777399922158,0.3484288442598092,-0.6553252452669085,-14.16827856977884,-6.968191254149355,0.9229779261800434,-1.4758313454317054,-2.0101508507637242,2.5571395693049452,4.476318884033162,-1.5927816826130228,-1.6342358493854108,0.054728395677096586,-6.899699737189995e-13
DINP_high_wk07_control_d2_F,8.066024837338842,12.719037342527383,6.702877608806392,-9.278555937679204,-1.3556803685794065,-11.275676366192158,9.319104604337218,11.01674908939243,-0.43512218995703617,-12.428176468722137,4.079928789121307,2.3886022475589654,-7.130454093793394,0.4595259189090729,-11.90022998834906,0.4643376643843958,6.551094556549852,-10.224291967011455,9.077688655350176,-8.020391320560451,-0.81380588785766,2.8947040384078773,8.23692036028082,0.0183703956347802,-12.72379279978047,3.524551756468711,-1.6618219675378314,-3.2643337251128495,-4.534024572476416,1.4243028845247858,-3.8620191242312925,0.4113912635317548,-6.442497799742703,-3.296513544837761,-4.1453988890422675,2.2624718310418164,-1.4327036387737535,-1.9314395873737145,-2.005172246585686,1.935013639214487,-2.724186749156773,-2.334869090465747,-0.045536358347100986,-0.7140208064725335,0.5703726790709104,6.5208143422461555,3.780349263725909,1.1495710121672904,-6.890970080830719e-13
DINP_high_wk07_control_d2_G,-3.3343741695010896,-1.2312645277385732,-5.095851943940323,3.774230377139351,-23.75660744020772,1.1230334982949812,0.2425795734975838,-4.1878439282847415,4.313479891940345,-13.296187671490905,-1.1113849346739577,-0.1034798194489178,3.627480964025635,-8.358182274529046,1.073161093940407,-0.35298810307367606,-5.428243547407247,-0.02551219553984342,6.46208544997158,-4.70699558055863,3.4555169969492243,0.9881280762780483,-3.7267604364302946,2.6022592120933403,-3.957171764634588,-6.364624286668445,-3.3936671207411835,-1.4598142700296188,-1.7230046409995308,-0.38649739285534557,6.124625852877891,6.418579650626024,-3.8864098212292966,-0.22441598893318424,11.272004258143033,-3.7720941686965643,6.336489997615677,3.5979093537436717,8.367379420199052,1.6075928255922254,6.815199022574282,3.1216825848972025,4.833966408974885,-4.834763230117903,-3.296528419513552,-1.587842115775841,4.544522837907082,-3.6857092788765873,-6.897367009630026e-13
DINP_high_wk07_control_d7_A,20.79425613201663,-1.4800883645617546,-9.326115645538723,6.365767913350059,8.975213624152099,-8.81228325488043,-17.852441122807967,-9.402498507320162,2.3800916021675977,2.0205841540973832,0.17556295273960965,5.201399500916831,10.347990757496213,-2.6160188326055267,-4.649135671814809,-5.8775707451753885,0.3397301603813874,-5.540982556005049,-5.572025849731831,-1.58378547623788,-0.8838046873345847,3.5001373019301782,-1.0648441249483165,1.8378338903418943,-7.0319733306204935,3.8530277232890717,1.4884875692894604,1.7687100258757475,-2.2575757286232556,1.2569961627054864,3.9538202633157744,0.35017666871406306,-2.2195276314109345,-0.03104198377259425,2.4223398439157795,-2.404414932943682,-3.265923225283202,-14.418021746263051,3.0441075294089766,-3.7134866834476288,7.418435988420065,4.81672810483608,-4.188419530227597,-0.412713007995621,-2.202382511651094,3.0892915362399958,-4.606776698211654,7.2219818895124845,-6.825147939027412e-13
DINP_high_wk07_control_d7_B,20.03516864582243,7.69510268317018,-8.682069533775724,10.819235864576378,10.251122273216339,-17.575988603337255,-2.1679363049017324,-4.830862179343219,14.618269833747148,10.540598359524262,-4.739690577361142,-3.003615055072,-4.319745373507404,-7.692175244124959,-5.772977164644396,-10.110237673367205,-3.2443695465232714,7.8040580956936765,3.7240236503827524,0.18656200291326952,-7.52651281471254,1.5088061571930123,0.26159590425472523,-1.5397808452784134,0.308992625289321,-0.8448388563603022,5.495458057258382,-6.155783849099055,-0.07904857526640531,3.074216827938145,-2.5693813097271563,10.629516379457057,2.221169525818462,6.158053497806138,3.1456535779662436,1.8935430528941686,-2.2068881889862646,3.7733319304173665,1.955215260547015,1.3058464037838635,-7.441446489827154,-3.1787083013912603,-0.6678434739832158,-1.2170776211591006,4.68341717572714,-1.0979469244766689,5.338999679521804,-0.37327703060432527,-6.842632475832176e-13
DINP_high_wk07_control_d7_C,21.629658471733126,-5.318594346393925,-15.970440696053256,8.094428546680323,3.370112915839653,5.276078780960264,-6.059483014743557,9.40340940522221,2.4748349870210378,5.39500659632824,7.707860464478066,-8.729722423675872,-0.5891839093618259,-6.364329351534332,-3.920771866004932,-6.356273631520556,-2.8625941285803767,5.375936662429228,-4.637353993978749,-12.331722501865476,12.274506949299216,2.9364058727196864,5.037846649972066,-1.9255881456638293,-1.9971879558178591,3.055046726601288,-4.49307139466886,4.164099063463075,-0.6125315173099449,0.33910938983346073,-5.107955571890694,-4.318287890564587,9.387018024673937,-5.538292435121243,-8.595766659629135,1.6840849575109198,4.437095828973297,4.860703007983047,3.660296008281033,-1.3422304866893822,3.414084106670521,5.196070216352831,2.4824638373770846,0.4498642909909751,1.0852545902919082,-0.9984411424064259,0.16590076629563041,-3.5898872424586745,-6.859203083439568e-13
DINP_high_wk07_control_d7_D,28.978027268567132,-4.515278529561922,-5.336122979311497,-14.266223591089009,10.383985625069696,8.389740709703608,1.9595500762620224,8.387616623364234,-3.7358271290354166,-0.4560411959698427,0.013500003606996377,-4.198972782608356,13.600122953185753,-4.2175771843060135,-3.8524563194092414,12.243738175841564,-8.969185161831607,15.732689147831012,8.427054043921197,4.087776998112886,1.7714834215408684,-0.79487633395511,-6.488770602108873,2.7462881143235216,-4.642411852065323,4.825012631526987,-3.533663842603933,-5.631642053478388,0.19769149728933488,-5.956696071055924,-3.2199788702819148,-2.6118682742755186,-4.733039226971753,3.768332301505391,-0.05790386057953628,1.774704466946728,-0.6463374609927283,-3.1528656422483667,-4.642814167212297,3.3705155924192294,1.7450815833057702,-3.2999519623625324,-2.516767484723926,-2.625067255294157,-0.4199516615113436,-1.558528702742126,0.8439788335550548,1.0475207291905386,-6.82595460003807e-13
DINP_high_wk07_control_d7_E,27.21750147050489,-8.164423964040932,-13.488198260462179,-10.098675183773016,2.1380566127273717,-3.824067692435167,12.277234255571043,18.603710282527285,-5.264844754767219,0.04283228609517586,-10.293456463915946,-3.2105923404661807,-0.4428993878564592,6.826688701791317,1.4188625386216152,0.9574198373789552,-5.17250097471016,-9.427904001980641,-5.276163402449914,5.024593539438492,-5.67487862055473,-6.043644642119075,-3.3738046110416477,-4.141940950507057,-0.044638905649982595,6.05996978601685,3.1029528212960047,5.362236887484211,-1.5147301709855754,3.5245410388684815,2.0055707333796566,0.38315924503869486,3.765306426192298,1.839137099582278,3.916257864016105,2.9022168074207495,-1.521048112634414,0.45551469918533055,13.903389328639173,0.277977121071011,3.8469030811652356,-2.9201601974256337,-2.288937689012809,1.2910677517490277,1.8027919652072957,-0.326975628609158,-1.1887119834947355,-3.962266474449621,-6.835553362722929e-13
DINP_high_wk07_control_d7_F,27.69674594677226,-6.124968689365268,-13.555820388429703,-8.975352981015954,4.39867038697834,1.937660950419157,2.5821258074404096,8.749586269010383,-8.923898799330956,4.02638594966996,-3.89877033910307,-5.3520903550816765,-7.862230170320298,-1.0763930871514067,-3.5372761624618905,1.0357843271189544,6.329750374444791,-1.8778120094646538,-3.217631275740406,2.1521382876654775,9.946057955443996,-2.408144213484454,10.933658178213275,4.336489255968201,6.935151140553558,-14.745536722384331,3.8767897953993566,-1.6944024262844004,0.2169384315318047,-2.286705339573466,-1.2767158163311763,0.520753412200899,-2.7082052669899563,2.092490543038967,10.634720301515172,-3.9769028336130243,-3.6423036613035324,-3.6016006141780164,-5.415302802166567,-4.036171583255775,-1.4377103339494968,5.015037360715501,-0.27217851404879845,-0.7103985170490056,-2.6846543187352414,-2.6677601170013356,2.230028642388692,2.058840370344095,-6.848957476760837e-13
DINP_high_wk07_control_d7_G,21.247220808681867,-9.165138742592271,-15.843145982020998,2.7321781461614045,-8.25404048437006,-6.734172094047085,3.8363576929163354,0.45847154290248543,-5.701039652794477,-7.027768643295094,-5.834757624696681,4.680323772980577,-4.965864695542704,-8.338335792662152,1.9090929516288389,-1.6252454762955264,2.9410664928302164,-3.590399028957879,-5.106259790747717,-0.08266818540175273,0.6167738475332954,5.5686998534095284,-8.441292269245364,-1.6089738162780938,1.7461673810975373,-2.7826998161662453,2.8247859403620916,-4.11635923958825,1.9559014619007427,5.423324091398478,5.490277266854531,-1.291165383257496,-5.947520161668302,3.7854893509663747,-11.664614700933752,-0.057359985748669906,-1.5600649312160506,2.4840925016050686,-7.488931460982864,7.809028335553116,2.7953766581416604,1.7473589385923591,4.166484294580718,-0.5029990785519585,6.54256460133873,-7.821300190769936,-7.341235294571736,1.1600074356565462,-6.879592266664406e-13
