culture_day	pathway	logFC	AveExpr	t	P.Value	adj.P.Val	B
d2	Biosynthesis of various alkaloids	-0.844019039194554	17.144620802794563	-3.6798814534513666	0.0022166356268046405	0.06353546384340931	-1.2703917631521833
d2	Novobiocin biosynthesis	-0.7623967747347866	23.0049464038005	-3.671725104335581	0.0022540577912621928	0.06353546384340931	-1.2853568634344592
d2	Prodigiosin biosynthesis	-0.7623967747347866	23.0049464038005	-3.671725104335581	0.0022540577912621928	0.06353546384340931	-1.2853568634344592
d2	Cyanoamino acid metabolism	-0.7829602712727152	20.831682654334873	-3.6697314487327164	0.0022633011910671553	0.06353546384340931	-1.2890150396799598
d2	Biosynthesis of amino acids	-0.8174999855214442	23.01212980148022	-3.6487068687068533	0.002363132594321254	0.06353546384340931	-1.3275990109355167
d2	Biosynthesis of alkaloids derived from histidine and purine	-0.6920865206148644	21.87711683637774	-3.4776189298570777	0.003358615647399907	0.06353546384340931	-1.641797081268403
d2	alpha-Linolenic acid metabolism	-0.7006200093925178	21.822993152512	-3.4355313724424996	0.0036621233574785157	0.06353546384340931	-1.7190903925932988
d2	Histidine metabolism	-0.695981558632605	21.83456427480274	-3.4147116995187963	0.003822244561264956	0.06353546384340931	-1.7573165139334508
d2	Streptomycin biosynthesis	-0.6936885863957425	21.831362891356367	-3.395766295030588	0.003974017375906834	0.06353546384340931	-1.7920943033484091
d2	Staurosporine biosynthesis	-0.7131062862545546	18.93564343707995	-3.3823574285605384	0.00408505678838224	0.06353546384340931	-1.8167039587963272
d2	Carbon metabolism	-0.5917358050320549	21.159482945928513	-3.278598189864436	0.005055551986723238	0.06353546384340931	-2.0069481725879004
d2	Methane metabolism	-0.5917358050320549	21.159482945928513	-3.278598189864436	0.005055551986723238	0.06353546384340931	-2.0069481725879004
d2	Tropane, piperidine and pyridine alkaloid biosynthesis	-0.6913347891320509	18.754254831717045	-3.26394311845554	0.005209965646400934	0.06353546384340931	-2.033784059800851
d2	Opioid receptor agonists/antagonists	-0.705375739219635	18.71338345682792	-3.254428600527597	0.005312713916278493	0.06353546384340931	-2.0512011724477084
d2	Photosynthesis	-0.705375739219635	18.71338345682792	-3.254428600527597	0.005312713916278493	0.06353546384340931	-2.0512011724477084
d2	Porphyrin metabolism	-0.705375739219635	18.71338345682792	-3.254428600527597	0.005312713916278493	0.06353546384340931	-2.0512011724477084
d2	Vitamin digestion and absorption	-0.705375739219635	18.71338345682792	-3.254428600527597	0.005312713916278493	0.06353546384340931	-2.0512011724477084
d2	Terpenoid backbone biosynthesis	-1.3412531216784627	18.906292165511694	-3.2087890683745126	0.005834224362994337	0.06353546384340931	-2.1346810902979323
d2	Metabolic pathways	-0.5870603082625212	25.028870879864893	-3.2018765150939617	0.005917518691297926	0.06353546384340931	-2.14731446837802
d2	Pyrimidine metabolism	-0.7197766906828005	19.57437611199345	-3.152951952074543	0.006541666785412802	0.06672500121121058	-2.2366402192434403
d2	Biosynthesis of cofactors	-0.7074401421937587	19.754965286972084	-2.952697483596179	0.009847504225709715	0.07317342866058511	-2.600156798370452
d2	Ubiquinone and other terpenoid-quinone biosynthesis	-0.639649376319229	18.864483357735896	-2.927006316330304	0.010375848516325864	0.07317342866058511	-2.646485267292122
d2	D-Amino acid metabolism	-0.69456145154	19.49746555297599	-2.8980830041180803	0.011003883882371996	0.07317342866058511	-2.698541718778401
d2	Amino sugar and nucleotide sugar metabolism	-0.6711495654361364	19.79126498012696	-2.864469254491487	0.011780506190606992	0.07317342866058511	-2.7588983243630096
d2	Fructose and mannose metabolism	-0.7018239192289509	19.581392363594436	-2.839230285551062	0.012398528907634012	0.07317342866058511	-2.804111357537793
d2	Glyoxylate and dicarboxylate metabolism	-0.7624428412434322	18.65668284795738	-2.7870254801415957	0.0137786555456877	0.07317342866058511	-2.897322662356399
d2	2-Oxocarboxylic acid metabolism	-0.7198896473864536	18.471972255563823	-2.7487003440537343	0.014885701537202733	0.07317342866058511	-2.9654690232765932
d2	Biosynthesis of plant secondary metabolites	-0.7124020653870935	19.095910171946308	-2.713961734092852	0.015963273756383095	0.07317342866058511	-3.027016376270239
d2	Glycine, serine and threonine metabolism	-0.8093325206231636	22.07458402833732	-2.67714379068795	0.017187602290878158	0.07317342866058511	-3.0920037711258517
d2	Secondary bile acid biosynthesis	-0.591109489857752	22.96642787842736	-2.6643657298081322	0.01763333552253959	0.07317342866058511	-3.1144970700962205
d2	Fatty acid metabolism	-0.7891481063270538	15.753447438400775	-2.649063287680203	0.01818179961099577	0.07317342866058511	-3.141391143118339
d2	Benzoxazinoid biosynthesis	-0.8103513479900827	21.951799992067684	-2.6292050825122764	0.018918086358318917	0.07317342866058511	-3.1762205977083795
d2	Phenylalanine, tyrosine and tryptophan biosynthesis	-0.810247573829984	21.952065857310462	-2.629032445567317	0.01892461135389226	0.07317342866058511	-3.176523027330333
d2	Indole diterpene alkaloid biosynthesis	-0.8144871224329042	21.929923390519455	-2.626009075009957	0.019039234373750547	0.07317342866058511	-3.1818184258321263
d2	Biosynthesis of various plant secondary metabolites	-0.7597731666005577	22.088806679704714	-2.6230488414738615	0.019152110490281964	0.07317342866058511	-3.187001372701107
d2	Fatty acid degradation	-0.9202475597400689	15.35596282650313	-2.5687510893761076	0.021340197539980704	0.07317342866058511	-3.281731672846347
d2	Fatty acid elongation	-0.9202475597400689	15.35596282650313	-2.5687510893761076	0.021340197539980704	0.07317342866058511	-3.281731672846347
d2	Folate transport and metabolism	-0.7999239300506821	18.135929162372857	-2.5531449154653916	0.022012194510160458	0.07317342866058511	-3.3088364863893083
d2	One carbon pool by folate	-0.7999239300506821	18.135929162372857	-2.5531449154653916	0.022012194510160458	0.07317342866058511	-3.3088364863893083
d2	Xylene degradation	-0.8156588094959015	18.09062378680565	-2.5484645468573697	0.022217646960950514	0.07317342866058511	-3.3169543346729253
d2	Carbohydrate digestion and absorption	-0.7685810296054452	18.200604155443838	-2.547308379841618	0.022268680694268215	0.07317342866058511	-3.3189588536981907
d2	Glycerophospholipid metabolism	-0.8558583206220121	18.02025965102613	-2.534960978605377	0.02282073959373045	0.07317342866058511	-3.3403466213014505
d2	Central carbon metabolism in cancer	-0.7412642829895492	18.461531809455227	-2.5151741330745825	0.02373278703448796	0.07317342866058511	-3.3745445432742267
d2	Diabetic cardiomyopathy	-0.7412642829895492	18.461531809455227	-2.5151741330745825	0.02373278703448796	0.07317342866058511	-3.3745445432742267
d2	Insulin resistance	-0.7412642829895492	18.461531809455227	-2.5151741330745825	0.02373278703448796	0.07317342866058511	-3.3745445432742267
d2	Glycerolipid metabolism	-0.7419533460916172	18.45827756613472	-2.514557972612293	0.02376173951028932	0.07317342866058511	-3.3756079348428614
d2	Aminobenzoate degradation	-0.8242134941316431	19.535040199305524	-2.5135347359404396	0.02380989438855124	0.07317342866058511	-3.3773736671223413
d2	Antifolate resistance	-0.859824586269051	17.990726520422154	-2.5086623882546597	0.02404047388302644	0.07317342866058511	-3.3857780225840135
d2	Ascorbate and aldarate metabolism	-0.859824586269051	17.990726520422154	-2.5086623882546597	0.02404047388302644	0.07317342866058511	-3.3857780225840135
d2	Biosynthesis of 12-, 14- and 16-membered macrolides	-0.859824586269051	17.990726520422154	-2.5086623882546597	0.02404047388302644	0.07317342866058511	-3.3857780225840135
d2	Biosynthesis of type II polyketide backbone	-0.859824586269051	17.990726520422154	-2.5086623882546597	0.02404047388302644	0.07317342866058511	-3.3857780225840135
d2	C5-Branched dibasic acid metabolism	-0.859824586269051	17.990726520422154	-2.5086623882546597	0.02404047388302644	0.07317342866058511	-3.3857780225840135
d2	Choline metabolism in cancer	-0.859824586269051	17.990726520422154	-2.5086623882546597	0.02404047388302644	0.07317342866058511	-3.3857780225840135
d2	Cobalamin transport and metabolism	-0.859824586269051	17.990726520422154	-2.5086623882546597	0.02404047388302644	0.07317342866058511	-3.3857780225840135
d2	Folate biosynthesis	-0.859824586269051	17.990726520422154	-2.5086623882546597	0.02404047388302644	0.07317342866058511	-3.3857780225840135
d2	Glutathione metabolism	-0.859824586269051	17.990726520422154	-2.5086623882546597	0.02404047388302644	0.07317342866058511	-3.3857780225840135
d2	Lipoarabinomannan (LAM) biosynthesis	-0.859824586269051	17.990726520422154	-2.5086623882546597	0.02404047388302644	0.07317342866058511	-3.3857780225840135
d2	N-Glycan biosynthesis	-0.859824586269051	17.990726520422154	-2.5086623882546597	0.02404047388302644	0.07317342866058511	-3.3857780225840135
d2	Other carbon fixation pathways	-0.859824586269051	17.990726520422154	-2.5086623882546597	0.02404047388302644	0.07317342866058511	-3.3857780225840135
d2	Penicillin and cephalosporin biosynthesis	-0.859824586269051	17.990726520422154	-2.5086623882546597	0.02404047388302644	0.07317342866058511	-3.3857780225840135
d2	Sulfur cycle	-0.859824586269051	17.990726520422154	-2.5086623882546597	0.02404047388302644	0.07317342866058511	-3.3857780225840135
d2	Sulfur relay system	-0.859824586269051	17.990726520422154	-2.5086623882546597	0.02404047388302644	0.07317342866058511	-3.3857780225840135
d2	Taurine and hypotaurine metabolism	-0.859824586269051	17.990726520422154	-2.5086623882546597	0.02404047388302644	0.07317342866058511	-3.3857780225840135
d2	Thiamine metabolism	-0.859824586269051	17.990726520422154	-2.5086623882546597	0.02404047388302644	0.07317342866058511	-3.3857780225840135
d2	Ferroptosis	-0.8581529346684336	17.995495319094395	-2.5083904587537513	0.024053405275088827	0.07317342866058511	-3.38624690358334
d2	Galactose metabolism	-0.8581529346684336	17.995495319094395	-2.5083904587537513	0.024053405275088827	0.07317342866058511	-3.38624690358334
d2	Valine, leucine and isoleucine degradation	-0.8581529346684336	17.995495319094395	-2.5083904587537513	0.024053405275088827	0.07317342866058511	-3.38624690358334
d2	Lipoic acid metabolism	-0.8199159548710928	18.06418781203525	-2.501337237446816	0.024391142886861703	0.07317342866058511	-3.398402182576843
d2	Lysine degradation	-1.0956104280994887	18.664861524382026	-2.4635310615230517	0.026279862621446614	0.0763364347466551	-3.463341621180921
d2	Neutrophil extracellular trap formation	-0.4600557494438999	15.817353553875957	-2.457990709994528	0.02656807287751231	0.0763364347466551	-3.4728272370609026
d2	Nicotinate and nicotinamide metabolism	-0.4600557494438999	15.817353553875957	-2.457990709994528	0.02656807287751231	0.0763364347466551	-3.4728272370609026
d2	Zeatin biosynthesis	-0.8058591071051009	18.26974504579706	-2.4122204814607087	0.029066565002901456	0.0823552675082208	-3.5508756715692327
d2	Biosynthesis of alkaloids derived from shikimate pathway	-0.6969370688119615	22.367982246296858	-2.3778671425640328	0.03108636426136848	0.0868714836893037	-3.609074095276739
d2	Aflatoxin biosynthesis	-0.6603577756396082	16.026436104771527	-2.3283122809942736	0.03423453183399475	0.0943762769477693	-3.692419039756756
d2	Starch and sucrose metabolism	-0.7299011402397276	18.296883234493368	-2.2946450247906425	0.03654193680486219	0.09709369147736303	-3.7486157041982224
d2	Chemical carcinogenesis - reactive oxygen species	-0.8936119200520048	20.12010158743671	-2.293144350779814	0.03664810903802428	0.09709369147736303	-3.7511122917761757
d2	Metabolism of xenobiotics by cytochrome P450	-0.8936119200520048	20.12010158743671	-2.293144350779814	0.03664810903802428	0.09709369147736303	-3.7511122917761757
d2	Glucosinolate biosynthesis	-0.73327531080381525	15.637505695894415	-2.2803956560052057	0.03756180870795605	0.09823857662080814	-3.7722924928776305
d2	Pantothenate and CoA biosynthesis	-0.7362791442904353	18.11554418524528	-2.270306649246443	0.038299964679836485	0.09890117461628661	-3.7890167659490284
d2	Neuroactive ligand-receptor interaction	-0.813922165820244	18.10052754886968	-2.24569669382042	0.04015783675561489	0.10240248372681797	-3.8296717074590965
d2	Tyrosine metabolism	-0.6701886079661961	18.641280195648203	-2.21118114723373	0.04290553124703525	0.10805837499253322	-3.886346787265331
d2	Sulfur metabolism	-0.5343425132327908	21.2364000181818	-2.1140469122971326	0.05160355001413225	0.12837956344979243	-4.0435706778595835
d2	Betalain biosynthesis	-1.2329673350855763	13.584263416071186	-2.0154258304798547	0.062071999219130425	0.15074628381788815	-4.199501152660569
d2	Dopaminergic synapse	-1.2329673350855763	13.584263416071186	-2.0154258304798547	0.062071999219130425	0.15074628381788815	-4.199501152660569
d2	Cysteine and methionine metabolism	-0.3986862457622173	20.77648768481773	-1.9613757858443024	0.06859856292743764	0.16463655102585034	-4.28325080904679
d2	Eicosanoids	-1.3662478236647124	13.403570259821965	-1.9403346145395468	0.0713030557938344	0.1661397179772192	-4.315509185158676
d2	Ovarian steroidogenesis	-1.3662478236647124	13.403570259821965	-1.9403346145395468	0.0713030557938344	0.1661397179772192	-4.315509185158676
d2	Chemical carcinogenesis - DNA adducts	-0.8552839721819099	21.00489578663179	-1.9375498571847178	0.0716681136372318	0.1661397179772192	-4.319763718656592
d2	Aminoacyl-tRNA biosynthesis	-0.2719395886672878	20.581134904670726	-1.8985758239453776	0.07695699708026117	0.17639581353228403	-4.378938433876106
d2	ABC transporters	-0.287354843515225	20.676506066841885	-1.86454214748588	0.08185918045343811	0.18445701367344236	-4.430035837168714
d2	Phenylalanine metabolism	-0.5199362883052734	14.636339914626973	-1.8515978747005561	0.08379572822575167	0.18445701367344236	-4.449325659450932
d2	Serotonergic synapse	-0.5199362883052734	14.636339914626973	-1.8515978747005561	0.08379572822575167	0.18445701367344236	-4.449325659450932
d2	Dioxin degradation	-0.44485259251	18.876462961811672	-1.8496497077607559	0.08409069740995168	0.18445701367344236	-4.4522218754738185
d2	Primary bile acid biosynthesis	-0.524612539990737	17.68539322617413	-1.8311426965602566	0.08693927623058323	0.18867672713871253	-4.479643142221777
d2	Biosynthesis of phenylpropanoids	-0.3968300590469017	22.175807065832693	-1.7586745516939175	0.09893454772033705	0.2124489235257764	-4.585375958759401
d2	Degradation of flavonoids	-0.43599709560950334	18.87194644348238	-1.734025578292219	0.10333458553259169	0.21958599425675734	-4.62072544213235
d2	Vancomycin resistance	-0.49446883873509667	21.033565335017347	-1.7099282339886017	0.10780082194047592	0.22671513067893906	-4.654973180102894
d2	Sulfoquinovose metabolism	-0.3395704512869704	20.422205289537818	-1.70331326669663	0.10905593876827954	0.2270144031502962	-4.664320064970875
d2	Biosynthesis of nucleotide sugars	-0.3593061074000208	20.193597674803083	-1.6278774970109127	0.12429113402586438	0.25611506405329626	-4.769207159366843
d2	Sesquiterpenoid and triterpenoid biosynthesis	-0.6025746213536745	21.3822178267602	-1.593136935024949	0.13190214825888552	0.2690803824481265	-4.816428305342417
d2	Arginine and proline metabolism	0.4872775011747814	14.035627130904107	1.5551277252414	0.1406813987574328	0.2786311198690902	-4.86728303598962
d2	Caprolactam degradation	0.4872775011747814	14.035627130904107	1.5551277252414	0.1406813987574328	0.2786311198690902	-4.86728303598962
d2	Valine, leucine and isoleucine biosynthesis	0.4872775011747814	14.035627130904107	1.5551277252414	0.1406813987574328	0.2786311198690902	-4.86728303598962
d2	Benzoate degradation	-0.22704304003611422	20.598126818120363	-1.5114916622537893	0.15136551688511085	0.2932661519212601	-4.924596022810723
d2	Amoebiasis	-0.5258991656146129	11.982159275229066	-1.485800894167444	0.15796870494642132	0.2932661519212601	-4.957791398734276
d2	Efferocytosis	-0.5258991656146129	11.982159275229066	-1.485800894167444	0.15796870494642132	0.2932661519212601	-4.957791398734276
d2	Naphthalene degradation	-0.5258991656146129	11.982159275229066	-1.485800894167444	0.15796870494642132	0.2932661519212601	-4.957791398734276
d2	Prostate cancer	-0.5258991656146129	11.982159275229066	-1.485800894167444	0.15796870494642132	0.2932661519212601	-4.957791398734276
d2	Systemic lupus erythematosus	-0.5258991656146129	11.982159275229066	-1.485800894167444	0.15796870494642132	0.2932661519212601	-4.957791398734276
d2	Alanine, aspartate and glutamate metabolism	-0.4924363040816999	12.221468951136798	-1.4851705017316776	0.15813370936930693	0.2932661519212601	-4.958600757867616
d2	Flavonoid biosynthesis	-0.4505229819879113	17.61126807137704	-1.3998460291188801	0.18182636158569226	0.3341673672385696	-5.065805445178942
d2	Taste transduction	-0.23827263281362493	19.385638756384328	-1.3879597635129037	0.18534685282491925	0.33759605335967435	-5.080363180580731
d2	Protein digestion and absorption	-0.24940493826717017	19.539722342277464	-1.3582223171268382	0.19439803609357625	0.35094866692999604	-5.1163705047775085
d2	Pentose phosphate pathway	-0.19364890327758533	20.374935384427708	-1.3228123990130016	0.20563813058553898	0.3679840231530698	-5.158463744283289
d2	Polycyclic aromatic hydrocarbon degradation	-0.5439944601732294	20.389001698252876	-1.3014121750493441	0.21267975701166753	0.37727539504678415	-5.183483861037407
d2	Sphingolipid metabolism	-0.4591959704696439	16.473956650997927	-1.2750963494517535	0.22160028652769076	0.3872897331625796	-5.213811365360906
d2	Sphingolipid signaling pathway	-0.4599399667897782	16.46185620950782	-1.273583252865529	0.22212205284324416	0.3872897331625796	-5.215540246513767
d2	Phosphotransferase system (PTS)	-0.23095765381245995	19.42604144815721	-1.2509973497042057	0.2300260727393631	0.3907775602340263	-5.241153098046471
d2	Selenocompound metabolism	-0.16883255849752835	20.266993772050288	-1.2460550148403473	0.231784729354496	0.3907775602340263	-5.2467090444607045
d2	Toluene degradation	-0.16883255849752835	20.266993772050288	-1.2460550148403473	0.231784729354496	0.3907775602340263	-5.2467090444607045
d2	Vitamin B6 metabolism	-0.16883255849752835	20.266993772050288	-1.2460550148403473	0.231784729354496	0.3907775602340263	-5.2467090444607045
d2	Biosynthesis of alkaloids derived from terpenoid and polyketide	-0.35633828689383196	16.91405949378773	-1.2382422279891028	0.23458622617064634	0.39225893556403163	-5.255455886434889
d2	Biosynthesis of secondary metabolites	-0.16010817892402754	27.686608871421395	-1.224583040481198	0.23954749629712924	0.3955215695132327	-5.270641844441473
d2	Bacterial chemotaxis	-0.32395561340021023	14.451776714753139	-1.2169536746592018	0.24235390288801023	0.3955215695132327	-5.279064855028623
d2	Longevity regulating pathway - worm	-0.32395561340021023	14.451776714753139	-1.2169536746592018	0.24235390288801023	0.3955215695132327	-5.279064855028623
d2	Biofilm formation - Vibrio cholerae	-0.5466137104771471	15.228322860400118	-1.1753104475099145	0.2581224775216198	0.4081936853830267	-5.324284867063563
d2	Nitrotoluene degradation	-0.5466137104771471	15.228322860400118	-1.1753104475099145	0.2581224775216198	0.4081936853830267	-5.324284867063563
d2	Quorum sensing	-0.5466137104771471	15.228322860400118	-1.1753104475099145	0.2581224775216198	0.4081936853830267	-5.324284867063563
d2	Two-component system	-0.5466137104771471	15.228322860400118	-1.1753104475099145	0.2581224775216198	0.4081936853830267	-5.324284867063563
d2	Isoflavonoid biosynthesis	0.3525882124913906	14.76160559983617	1.1607166108392906	0.2638305377318343	0.4127458659560871	-5.339826880976061
d2	Degradation of aromatic compounds	-0.24999697717107036	21.819770423496124	-1.1576361007544869	0.26504759039336967	0.4127458659560871	-5.343087081874784
d2	Biosynthesis of unsaturated fatty acids	-0.20656060145220365	15.368444659585151	-1.122646445955371	0.2791714396744799	0.43144677040601437	-5.37961303897304
d2	Bisphenol degradation	-0.43398189896591055	20.413766319263864	-1.0914034490421085	0.2922530864446697	0.4388563971502557	-5.411435100165272
d2	Biosynthesis of alkaloids derived from ornithine, lysine and nicotinic acid	-0.3909334307655936	16.483430519424076	-1.0887346479804578	0.2933912544175681	0.4388563971502557	-5.414118318575485
d2	Pentose and glucuronate interconversions	-0.37428654813080564	16.654076250481307	-1.0633863372326262	0.30436516447304296	0.4388563971502557	-5.4393260440824935
d2	Leishmaniasis	-0.4049375675884952	16.33377396798996	-1.0484950918924059	0.31095048870696707	0.4388563971502557	-5.453899023817541
d2	Monoterpenoid biosynthesis	0.35063589289886443	22.037184605538727	1.0479919974861542	0.31117476758177315	0.4388563971502557	-5.454388301119729
d2	Biosynthesis of plant hormones	-0.40463419542716755	16.266624507039015	-1.0364994886385417	0.31633015491597904	0.4388563971502557	-5.465510409265233
d2	Biosynthesis of siderophore group nonribosomal peptides	-0.40463419542716755	16.266624507039015	-1.0364994886385417	0.31633015491597904	0.4388563971502557	-5.465510409265233
d2	Biosynthesis of various antibiotics	-0.40463419542716755	16.266624507039015	-1.0364994886385417	0.31633015491597904	0.4388563971502557	-5.465510409265233
d2	Carbon fixation by Calvin cycle	-0.40463419542716755	16.266624507039015	-1.0364994886385417	0.31633015491597904	0.4388563971502557	-5.465510409265233
d2	Glucagon signaling pathway	-0.40463419542716755	16.266624507039015	-1.0364994886385417	0.31633015491597904	0.4388563971502557	-5.465510409265233
d2	Teichoic acid biosynthesis	-0.40463419542716755	16.266624507039015	-1.0364994886385417	0.31633015491597904	0.4388563971502557	-5.465510409265233
d2	AGE-RAGE signaling pathway in diabetic complications	-0.4032031215057516	16.251650758890243	-1.027220885940128	0.32053727046758873	0.4388563971502557	-5.474413161708476
d2	Adipocytokine signaling pathway	-0.4032031215057516	16.251650758890243	-1.027220885940128	0.32053727046758873	0.4388563971502557	-5.474413161708476
d2	Mucin type O-glycan biosynthesis	-0.4032031215057516	16.251650758890243	-1.027220885940128	0.32053727046758873	0.4388563971502557	-5.474413161708476
d2	Necroptosis	-0.4032031215057516	16.251650758890243	-1.027220885940128	0.32053727046758873	0.4388563971502557	-5.474413161708476
d2	Neurotrophin signaling pathway	-0.4032031215057516	16.251650758890243	-1.027220885940128	0.32053727046758873	0.4388563971502557	-5.474413161708476
d2	Riboflavin metabolism	-0.4032031215057516	16.251650758890243	-1.027220885940128	0.32053727046758873	0.4388563971502557	-5.474413161708476
d2	Chlorocyclohexane and chlorobenzene degradation	-0.5016986521497843	20.08757175542121	-1.0148234174390054	0.32622122144532717	0.44366086116564496	-5.4862008373905695
d2	Bile secretion	0.18085832444932945	18.526133444159793	0.9903443741012717	0.3376553437827129	0.4523897677297488	-5.509111975761117
d2	Phosphonate and phosphinate metabolism	0.18085832444932945	18.526133444159793	0.9903443741012717	0.3376553437827129	0.4523897677297488	-5.509111975761117
d2	Nucleotide metabolism	-0.32213351155582753	16.184127970394467	-0.9868882108249812	0.3392923257973116	0.4523897677297488	-5.512307630290384
d2	Chloroalkane and chloroalkene degradation	-0.49841562323851385	19.991468686296486	-0.9621633692549368	0.35116652340060805	0.46518162840080546	-5.53488430922984
d2	Limonene degradation	0.3433584821939336	21.86843774421606	0.9449911195954585	0.359582543723297	0.4732570252874361	-5.550268971056372
d2	Inflammatory mediator regulation of TRP channels	0.3380659789913396	21.88128597309036	0.939909168974692	0.36209975784832693	0.47351506795550447	-5.554775140550787
d2	Lysine biosynthesis	-0.3261115177214062	13.367422160124898	-0.9198007453294809	0.3721790049340935	0.4816333372284052	-5.572394673072098
d2	Ethylbenzene degradation	-0.7052548105554157	19.252583790049332	-0.9181206601933225	0.3730297415788628	0.4816333372284052	-5.573851533331095
d2	Phenylpropanoid biosynthesis	-0.27335915206113265	20.013037230673337	-0.9096542142149437	0.37733703462700074	0.484130534993133	-5.5811570970705136
d2	Purine metabolism	0.16510420902646547	18.610930452527747	0.9030330470682427	0.3807290032073434	0.4854294790893628	-5.586828460971036
d2	Arachidonic acid metabolism	-0.11567529687438889	27.495014172345755	-0.8873353600897232	0.38885300498395037	0.4897955347008819	-5.600126665193901
d2	Indole alkaloid biosynthesis	0.27276493425913845	15.483442865382468	0.8871391557225012	0.38895527755658266	0.4897955347008819	-5.600291560579061
d2	Tryptophan metabolism	0.3031692517365428	21.93368203833183	0.8679941597275252	0.39902141292133986	0.4993887621837628	-5.616224341349033
d2	Cutin, suberine and wax biosynthesis	0.14578053402269572	18.622644362506243	0.8437321657890848	0.4120240356454966	0.5075409799562817	-5.635966126972131
d2	Biosynthesis of ansamycins	-0.10449830598502279	27.46356120105266	-0.8040291944581311	0.4338918984147445	0.5075409799562817	-5.667177473203839
d2	Fatty acid biosynthesis	-0.1663726827465268	14.896363401330538	-0.7923732730621685	0.44044999301451504	0.5075409799562817	-5.676080136444419
d2	Microbial metabolism in diverse environments	-0.13104468607560782	24.630529371634882	-0.7858655035112636	0.4441386467346695	0.5075409799562817	-5.6809989619360035
d2	Alcoholism	-0.2611705453698597	9.32436389277052	-0.783749253639343	0.44534233045183547	0.5075409799562817	-5.682590499921325
d2	Amphetamine addiction	-0.2611705453698597	9.32436389277052	-0.783749253639343	0.44534233045183547	0.5075409799562817	-5.682590499921325
d2	Biosynthesis of various other secondary metabolites	-0.2611705453698597	9.32436389277052	-0.783749253639343	0.44534233045183547	0.5075409799562817	-5.682590499921325
d2	Carotenoid biosynthesis	-0.2611705453698597	9.32436389277052	-0.783749253639343	0.44534233045183547	0.5075409799562817	-5.682590499921325
d2	Cocaine addiction	-0.2611705453698597	9.32436389277052	-0.783749253639343	0.44534233045183547	0.5075409799562817	-5.682590499921325
d2	Glycosphingolipid biosynthesis - ganglio series	-0.2611705453698597	9.32436389277052	-0.783749253639343	0.44534233045183547	0.5075409799562817	-5.682590499921325
d2	Glycosphingolipid biosynthesis - globo and isoglobo series	-0.2611705453698597	9.32436389277052	-0.783749253639343	0.44534233045183547	0.5075409799562817	-5.682590499921325
d2	HMG-CoA reductase inhibitors	-0.2611705453698597	9.32436389277052	-0.783749253639343	0.44534233045183547	0.5075409799562817	-5.682590499921325
d2	Inositol phosphate metabolism	-0.2611705453698597	9.32436389277052	-0.783749253639343	0.44534233045183547	0.5075409799562817	-5.682590499921325
d2	Parkinson disease	-0.2611705453698597	9.32436389277052	-0.783749253639343	0.44534233045183547	0.5075409799562817	-5.682590499921325
d2	Phosphatidylinositol signaling system	-0.2611705453698597	9.32436389277052	-0.783749253639343	0.44534233045183547	0.5075409799562817	-5.682590499921325
d2	Prolactin signaling pathway	-0.2611705453698597	9.32436389277052	-0.783749253639343	0.44534233045183547	0.5075409799562817	-5.682590499921325
d2	Steroid degradation	-0.17430900486591053	18.85440317894975	-0.6939121057932384	0.4983044478847136	0.5622542244471905	-5.746490666423943
d2	Nonribosomal peptide structures	-0.15932951519410773	18.387941562057996	-0.6929963018045824	0.49886281678892885	0.5622542244471905	-5.747104863491904
d2	Propanoate metabolism	-0.10601957628988817	19.92185050702448	-0.6806297263079849	0.5064385466408838	0.5676563929381335	-5.755324394477349
d2	Pinene, camphor and geraniol degradation	0.14958709269404213	23.514686809408392	0.659773048845547	0.5193651001056171	0.5789643738882289	-5.7688725080422465
d2	Catecholamine transferase inhibitors	-0.14452071805318845	18.3617505656652	-0.6166542132517515	0.54667462331164	0.6060957780194269	-5.7956210484480915
d2	Glycosphingolipid biosynthesis - lacto and neolacto series	0.13671874054373456	17.092576839306144	0.6101367817853677	0.5508698184191743	0.6074456376081706	-5.799515318815215
d2	beta-Alanine metabolism	-0.0873392848152657	19.959153304098457	-0.5842201952639622	0.5677231086244994	0.6226640546204186	-5.814611755668771
d2	Complement and coagulation cascades	-0.19019878336310475	17.645755809477855	-0.48054191279384234	0.6377496754472917	0.6957269186697727	-5.868715512415576
d2	Flavone and flavonol biosynthesis	0.24433787208571814	14.47975230676183	0.44489314741658864	0.6627260341197636	0.7191282497895306	-5.884964952439835
d2	Diterpenoid biosynthesis	0.0993079096819192	12.872257505295469	0.407595040516305	0.6893075379867765	0.7440144854460444	-5.9006614757458005
d2	Biosynthesis of terpenoids and steroids	-0.058039787879667064	23.273848878788005	-0.3149544930692683	0.7571189170768672	0.8129066267562153	-5.933820021438645
d2	Notch signaling pathway	-0.12603737196101672	17.532740246618562	-0.29961011998544074	0.7685709423487633	0.8208820536081033	-5.938503886740951
d2	Isoquinoline alkaloid biosynthesis	-0.11219473726341335	19.757201712581615	-0.24957430550248824	0.8062894489376973	0.8566825394963034	-5.9521701393798
d2	Butanoate metabolism	0.02877985538481917	19.29072041257466	0.08997721786957365	0.92949136181475	0.9437153041212514	-5.979199024885335
d2	Neomycin, kanamycin and gentamicin biosynthesis	0.013734444939738362	18.813375825546874	0.08800710584567113	0.9310309040867751	0.9437153041212514	-5.979374253143121
d2	Asthma	0.07630465405065552	13.093902431693897	0.08652293607344652	0.9321908954854191	0.9437153041212514	-5.9795037009150676
d2	Caffeine metabolism	0.07630465405065552	13.093902431693897	0.08652293607344652	0.9321908954854191	0.9437153041212514	-5.9795037009150676
d2	Fc epsilon RI signaling pathway	0.07630465405065552	13.093902431693897	0.08652293607344652	0.9321908954854191	0.9437153041212514	-5.9795037009150676
d2	Gastric acid secretion	0.07630465405065552	13.093902431693897	0.08652293607344652	0.9321908954854191	0.9437153041212514	-5.9795037009150676
d2	Histamine H2/H3 receptor agonists/antagonists	0.07630465405065552	13.093902431693897	0.08652293607344652	0.9321908954854191	0.9437153041212514	-5.9795037009150676
d2	Neuroactive ligand signaling	0.07630465405065552	13.093902431693897	0.08652293607344652	0.9321908954854191	0.9437153041212514	-5.9795037009150676
d2	Synaptic vesicle cycle	0.07630465405065552	13.093902431693897	0.08652293607344652	0.9321908954854191	0.9437153041212514	-5.9795037009150676
d2	Biosynthesis of various nucleotide sugars	0.01351039104696641	20.4745273070964	0.08361619323604148	0.9344631932965333	0.9437153041212514	-5.979750852364264
d2	AMPK signaling pathway	0.05728686167451831	13.242487845416745	0.06775344825645073	0.9468734717703156	0.9515378731090857	-5.980950942357995
d2	Glycolysis / Gluconeogenesis	-5.025688143187387e-4	18.892170363633955	-0.0029474084188568363	0.997687009355275	0.997687009355275	-5.983241513613625
d7	Selenocompound metabolism	-1.062806800493538	19.817476986333418	-5.129451331774464	1.1949428192383251e-4	0.00812561117082061	1.072362606575597
d7	Toluene degradation	-1.062806800493538	19.817476986333418	-5.129451331774464	1.1949428192383251e-4	0.00812561117082061	1.072362606575597
d7	Vitamin B6 metabolism	-1.062806800493538	19.817476986333418	-5.129451331774464	1.1949428192383251e-4	0.00812561117082061	1.072362606575597
d7	Pentose phosphate pathway	-0.9407812281710437	19.981422848260323	-4.494588483457313	4.176957615890526e-4	0.021302483841041685	-0.1848501138723906
d7	ABC transporters	-0.7720122875240537	20.17966063852538	-4.024560862266238	0.0010823217246521593	0.03699135845005801	-1.1357732711929946
d7	Aminoacyl-tRNA biosynthesis	-0.7913112751570243	20.1358047761292	-4.022008504710508	0.001087981130884059	0.03699135845005801	-1.1409637914787343
d7	Fatty acid biosynthesis	-0.7177110259483043	14.77591454001282	-3.613185964937739	0.0025187743516026087	0.07340428110384745	-1.9730619874179922
d7	Benzoate degradation	-0.754114692087633	20.322832864622487	-3.273460869035256	0.005072709777503735	0.12935409932634523	-2.6606664822396313
d7	Biosynthesis of unsaturated fatty acids	-0.5498223633430439	15.833436519636162	-2.5145034277865626	0.023680004663865276	0.5367467723809463	-4.141772261134156
d7	Steroid degradation	0.5988871162959823	18.628054313671083	2.35169017136911	0.032617150117590595	0.6653898623988481	-4.441396145396814
d7	Butanoate metabolism	-0.604471232495539	19.37794425770069	-2.155926590057228	0.04756009354474535	0.7620125083371303	-4.789110732381297
d7	Diterpenoid biosynthesis	-0.723022717428556	13.278313550063963	-2.064206624478957	0.05655634538310503	0.7620125083371303	-4.946612702565029
d7	Biosynthesis of various nucleotide sugars	-0.3983048021888993	20.29404213989301	-1.9384071389328916	0.07143233366744713	0.7620125083371303	-5.156326092015217
d7	Bacterial chemotaxis	-0.4949571989095579	14.05667257258124	-1.9048944058748587	0.07595163080069141	0.7620125083371303	-5.210877348296414
d7	Longevity regulating pathway - worm	-0.4949571989095579	14.05667257258124	-1.9048944058748587	0.07595163080069141	0.7620125083371303	-5.210877348296414
d7	Neutrophil extracellular trap formation	0.3839086529075095	15.817962327219144	1.5621760985825655	0.13888535822804218	0.7620125083371303	-5.732755060752286
d7	Nicotinate and nicotinamide metabolism	0.3839086529075095	15.817962327219144	1.5621760985825655	0.13888535822804218	0.7620125083371303	-5.732755060752286
d7	Glycerophospholipid metabolism	0.42495304504891945	17.356061953253633	1.560565543016396	0.13926422655193743	0.7620125083371303	-5.7350389261377375
d7	Propanoate metabolism	-0.32219376242451725	19.746899330660092	-1.5259854904723331	0.1476123219991814	0.7620125083371303	-5.7836635290873595
d7	Nucleotide metabolism	0.3838745476211273	15.988504659970385	1.5245342080613702	0.14797170736438922	0.7620125083371303	-5.785686898070524
d7	Neuroactive ligand-receptor interaction	0.399373428131721	17.420657130574405	1.5116360788387104	0.15119814595398193	0.7620125083371303	-5.803607395272861
d7	beta-Alanine metabolism	-0.31718889284182616	19.75760086844264	-1.490421493118937	0.1566331424134464	0.7620125083371303	-5.832838558471774
d7	Antifolate resistance	0.42413709775843444	17.313866713842973	1.4886534504947833	0.1570933770815747	0.7620125083371303	-5.835260906618117
d7	Ascorbate and aldarate metabolism	0.42413709775843444	17.313866713842973	1.4886534504947833	0.1570933770815747	0.7620125083371303	-5.835260906618117
d7	Biosynthesis of 12-, 14- and 16-membered macrolides	0.42413709775843444	17.313866713842973	1.4886534504947833	0.1570933770815747	0.7620125083371303	-5.835260906618117
d7	Biosynthesis of type II polyketide backbone	0.42413709775843444	17.313866713842973	1.4886534504947833	0.1570933770815747	0.7620125083371303	-5.835260906618117
d7	C5-Branched dibasic acid metabolism	0.42413709775843444	17.313866713842973	1.4886534504947833	0.1570933770815747	0.7620125083371303	-5.835260906618117
d7	Choline metabolism in cancer	0.42413709775843444	17.313866713842973	1.4886534504947833	0.1570933770815747	0.7620125083371303	-5.835260906618117
d7	Cobalamin transport and metabolism	0.42413709775843444	17.313866713842973	1.4886534504947833	0.1570933770815747	0.7620125083371303	-5.835260906618117
d7	Folate biosynthesis	0.42413709775843444	17.313866713842973	1.4886534504947833	0.1570933770815747	0.7620125083371303	-5.835260906618117
d7	Glutathione metabolism	0.42413709775843444	17.313866713842973	1.4886534504947833	0.1570933770815747	0.7620125083371303	-5.835260906618117
d7	Lipoarabinomannan (LAM) biosynthesis	0.42413709775843444	17.313866713842973	1.4886534504947833	0.1570933770815747	0.7620125083371303	-5.835260906618117
d7	N-Glycan biosynthesis	0.42413709775843444	17.313866713842973	1.4886534504947833	0.1570933770815747	0.7620125083371303	-5.835260906618117
d7	Other carbon fixation pathways	0.42413709775843444	17.313866713842973	1.4886534504947833	0.1570933770815747	0.7620125083371303	-5.835260906618117
d7	Penicillin and cephalosporin biosynthesis	0.42413709775843444	17.313866713842973	1.4886534504947833	0.1570933770815747	0.7620125083371303	-5.835260906618117
d7	Sulfur cycle	0.42413709775843444	17.313866713842973	1.4886534504947833	0.1570933770815747	0.7620125083371303	-5.835260906618117
d7	Sulfur relay system	0.42413709775843444	17.313866713842973	1.4886534504947833	0.1570933770815747	0.7620125083371303	-5.835260906618117
d7	Taurine and hypotaurine metabolism	0.42413709775843444	17.313866713842973	1.4886534504947833	0.1570933770815747	0.7620125083371303	-5.835260906618117
d7	Thiamine metabolism	0.42413709775843444	17.313866713842973	1.4886534504947833	0.1570933770815747	0.7620125083371303	-5.835260906618117
d7	Ferroptosis	0.4226493040373774	17.319120863998094	1.4862738242020628	0.15771459247909994	0.7620125083371303	-5.838517799956394
d7	Galactose metabolism	0.4226493040373774	17.319120863998094	1.4862738242020628	0.15771459247909994	0.7620125083371303	-5.838517799956394
d7	Valine, leucine and isoleucine degradation	0.4226493040373774	17.319120863998094	1.4862738242020628	0.15771459247909994	0.7620125083371303	-5.838517799956394
d7	Pantothenate and CoA biosynthesis	0.3946445079880614	17.43518254302425	1.4752459448024553	0.16062028362008138	0.7620125083371303	-5.853560567156887
d7	Vancomycin resistance	-0.5853811515990337	20.393088567361684	-1.4436382364541185	0.169195919865556	0.783424082749664	-5.896210204673078
d7	Xylene degradation	0.3814599805718561	17.45241761529929	1.4306986550327527	0.1728141359006612	0.783424082749664	-5.913468957824913
d7	Zeatin biosynthesis	-0.6032384623313337	17.71825392136351	-1.4107076085478751	0.17852909408667558	0.7917377216017787	-5.939900365230183
d7	Glucosinolate biosynthesis	-0.5877037716195733	16.392279778000926	-1.397205286682496	0.18247600825276566	0.7920235251822169	-5.957591490501767
d7	Tyrosine metabolism	0.7728949946459951	18.469226817967026	1.3047181375764452	0.21145613870471777	0.8641252433050958	-6.075197446138341
d7	Folate transport and metabolism	0.33977840455176733	17.477956595205804	1.264498433737394	0.22515411126584559	0.8641252433050958	-6.124344363188031
d7	One carbon pool by folate	0.33977840455176733	17.477956595205804	1.264498433737394	0.22515411126584559	0.8641252433050958	-6.124344363188031
d7	Sulfur metabolism	-0.42409368293688954	20.615104807220316	-1.215776101722709	0.24267142580475637	0.8641252433050958	-6.182210156223986
d7	Sulfoquinovose metabolism	0.23749302057511368	20.369839943521267	1.2028589331977209	0.24748847462366072	0.8641252433050958	-6.197239275177346
d7	Eicosanoids	-0.8344104145225721	13.495094786668282	-1.1970879776216048	0.24966425845493884	0.8641252433050958	-6.20391104253552
d7	Ovarian steroidogenesis	-0.8344104145225721	13.495094786668282	-1.1970879776216048	0.24966425845493884	0.8641252433050958	-6.20391104253552
d7	Lysine degradation	0.5119215369656737	17.648437851604182	1.1646756159628209	0.26215850280492503	0.8641252433050958	-6.240888429139692
d7	Cysteine and methionine metabolism	0.30142435039532023	20.947839029598633	1.1645284733528354	0.2622162899404676	0.8641252433050958	-6.241054370590859
d7	Starch and sucrose metabolism	0.28761882450977705	17.65568457716629	1.1638814339027135	0.26247051593480836	0.8641252433050958	-6.241783867838086
d7	Degradation of flavonoids	0.601663258146333	18.677058359927347	1.1538783159787327	0.2664246813330899	0.8641252433050958	-6.253018673544439
d7	Lysine biosynthesis	-0.596804146074659	13.92256904834854	-1.140695685882266	0.27170440762407017	0.8641252433050958	-6.267700398584045
d7	Biosynthesis of various plant secondary metabolites	0.30750621857740806	21.89253086038333	1.1390007256011045	0.27238893823010074	0.8641252433050958	-6.269577829519107
d7	Betalain biosynthesis	-0.6976717658486459	13.611002641258258	-1.1195073425743387	0.28035515585307913	0.8641252433050958	-6.291000595398048
d7	Dopaminergic synapse	-0.6976717658486459	13.611002641258258	-1.1195073425743387	0.28035515585307913	0.8641252433050958	-6.291000595398048
d7	Biosynthesis of amino acids	0.24354517201710454	22.78999825848067	1.1015016500539825	0.2878670909424354	0.8641252433050958	-6.310510270496202
d7	Biosynthesis of phenylpropanoids	-0.2944495729025813	21.744203770079938	-1.0916284773610083	0.2920491379074318	0.8641252433050958	-6.321093953665032
d7	Benzoxazinoid biosynthesis	0.2994518088030341	21.76909734696767	1.0704645485411763	0.30116473435816554	0.8641252433050958	-6.343506520187657
d7	Phenylalanine, tyrosine and tryptophan biosynthesis	0.2994235216668878	21.76933568975496	1.0704348660500744	0.30117766409678637	0.8641252433050958	-6.343537689948135
d7	Biofilm formation - Vibrio cholerae	-0.2615031671185233	14.447205442761915	-1.0562297443411341	0.30741221428532445	0.8641252433050958	-6.3583693079403965
d7	Nitrotoluene degradation	-0.2615031671185233	14.447205442761915	-1.0562297443411341	0.30741221428532445	0.8641252433050958	-6.3583693079403965
d7	Quorum sensing	-0.2615031671185233	14.447205442761915	-1.0562297443411341	0.30741221428532445	0.8641252433050958	-6.3583693079403965
d7	Two-component system	-0.2615031671185233	14.447205442761915	-1.0562297443411341	0.30741221428532445	0.8641252433050958	-6.3583693079403965
d7	Cutin, suberine and wax biosynthesis	-0.2921357139467852	18.71672051228595	-1.0517713979605416	0.3093882361668641	0.8641252433050958	-6.362989105397212
d7	Indole diterpene alkaloid biosynthesis	0.29625791306060334	21.742895422156202	1.047441703000192	0.3113160685402084	0.8641252433050958	-6.367459455159981
d7	Lipoic acid metabolism	0.29569592385333104	17.567074561198996	1.0429290537630018	0.31333463305998605	0.8641252433050958	-6.372101748474774
d7	Secondary bile acid biosynthesis	-0.2656878477287723	22.57988497986218	-1.0426557349156782	0.3134571961008681	0.8641252433050958	-6.372382363016723
d7	Glycine, serine and threonine metabolism	0.28524445160047174	21.873609844497917	1.0317328256037672	0.31838376394007606	0.866003837917007	-6.383544698485377
d7	Bile secretion	-0.2795976825300323	18.654609167359897	-0.9933278107944185	0.336147780867153	0.8870334129009063	-6.421978450373128
d7	Phosphonate and phosphinate metabolism	-0.2795976825300323	18.654609167359897	-0.9933278107944185	0.336147780867153	0.8870334129009063	-6.421978450373128
d7	Purine metabolism	-0.27207640057224963	18.684211384460976	-0.9869601519817617	0.3391598343444642	0.8870334129009063	-6.428227602420608
d7	Glycolysis / Gluconeogenesis	-0.2418905455742851	18.986959874979142	-0.94059365685672	0.36166632320875325	0.9247771706651762	-6.472661396464677
d7	Dioxin degradation	0.3253194752406009	19.351447710343486	0.9385979793932937	0.3626577139863436	0.9247771706651762	-6.474531366534772
d7	Glycerolipid metabolism	0.27491042790167425	17.983354050778896	0.8935589208363263	0.3855295348440574	0.9377331242946332	-6.515789308188378
d7	Central carbon metabolism in cancer	0.2741111496136469	17.986791556543174	0.8924100729570889	0.38612540412131957	0.9377331242946332	-6.516817921772886
d7	Diabetic cardiomyopathy	0.2741111496136469	17.986791556543174	0.8924100729570889	0.38612540412131957	0.9377331242946332	-6.516817921772886
d7	Insulin resistance	0.2741111496136469	17.986791556543174	0.8924100729570889	0.38612540412131957	0.9377331242946332	-6.516817921772886
d7	Carbohydrate digestion and absorption	0.2363155280928629	17.70423689815405	0.8779818173917678	0.3936615408929215	0.9399918457429243	-6.529634695134669
d7	Indole alkaloid biosynthesis	0.2656386070498149	15.439526952031029	0.8618862584172623	0.4021835376184797	0.9399918457429243	-6.543709919223615
d7	Nonribosomal peptide structures	0.2114287089171466	18.168686799857316	0.8458652482350286	0.4107862064647416	0.9399918457429243	-6.557485542517571
d7	Catecholamine transferase inhibitors	0.21330030769276928	18.147577969317908	0.8433240558546031	0.41216171968744875	0.9399918457429243	-6.559649006594703
d7	Fructose and mannose metabolism	0.23163321145077662	19.733946679711533	0.8416910994414039	0.4130472028944352	0.9399918457429243	-6.561036112397947
d7	Chlorocyclohexane and chlorobenzene degradation	0.32612498380717075	20.569199974551417	0.8386450060089202	0.4147022848865842	0.9399918457429243	-6.563617061101575
d7	Chloroalkane and chloroalkene degradation	0.32913240596793686	20.498198340408933	0.8227203393880985	0.42342502157650674	0.9492165318857954	-6.576971092608364
d7	Amino sugar and nucleotide sugar metabolism	0.2054867519378161	19.94055978914192	0.806337338386844	0.4325213162332212	0.95196528039083	-6.590465164108838
d7	Chemical carcinogenesis - DNA adducts	0.22284086736422376	21.136180895799438	0.8037232752549962	0.4339841719428784	0.95196528039083	-6.592595263412563
d7	D-Amino acid metabolism	0.2066167162792237	19.672782010650504	0.7483279118490807	0.4657189866527458	0.9754828256426847	-6.636234323187648
d7	Aflatoxin biosynthesis	0.31585546525261665	16.54195385138859	0.745711219762448	0.4672524789009016	0.9754828256426847	-6.638224364566215
d7	Neomycin, kanamycin and gentamicin biosynthesis	-0.19131925780788595	19.000455145823306	-0.7370063853275602	0.4723760235111659	0.9754828256426847	-6.644797933842825
d7	Pyrimidine metabolism	0.1947955524587198	19.762349455717132	0.7315235515754301	0.4756205731421691	0.9754828256426847	-6.6489015137970116
d7	Ethylbenzene degradation	0.3927822877201617	19.78411082387725	0.7126741884908373	0.4868771492028565	0.9754828256426847	-6.66279117338742
d7	Sesquiterpenoid and triterpenoid biosynthesis	0.23458974326721535	21.66592333615258	0.6898432536282653	0.5007216068739282	0.9754828256426847	-6.67916045978314
d7	Alanine, aspartate and glutamate metabolism	0.17961773853540386	12.073989312536481	0.6829790517083956	0.5049285676698877	0.9754828256426847	-6.683984192263406
d7	Monoterpenoid biosynthesis	-0.2713455027614495	22.134884019708693	-0.6829118084580166	0.504969881274861	0.9754828256426847	-6.684031222489373
d7	Notch signaling pathway	-0.2422128535250874	17.499052479145742	-0.6765280505540053	0.5089009226486825	0.9754828256426847	-6.68847622399231
d7	Tryptophan metabolism	-0.27613732400385743	22.03455638716934	-0.661248205862433	0.5183814233505026	0.9754828256426847	-6.69895588009596
d7	Microbial metabolism in diverse environments	-0.18087041640944004	24.463614304543942	-0.6482694624575118	0.5265125924748335	0.9754828256426847	-6.707679867812073
d7	Terpenoid backbone biosynthesis	0.36327968028510327	17.898092412754558	0.6434559626439466	0.529546401558239	0.9754828256426847	-6.7108738237258265
d7	Amoebiasis	0.18933501667524646	11.841154992402881	0.6321148871544254	0.5367328945877277	0.9754828256426847	-6.718309970474362
d7	Efferocytosis	0.18933501667524646	11.841154992402881	0.6321148871544254	0.5367328945877277	0.9754828256426847	-6.718309970474362
d7	Naphthalene degradation	0.18933501667524646	11.841154992402881	0.6321148871544254	0.5367328945877277	0.9754828256426847	-6.718309970474362
d7	Prostate cancer	0.18933501667524646	11.841154992402881	0.6321148871544254	0.5367328945877277	0.9754828256426847	-6.718309970474362
d7	Systemic lupus erythematosus	0.18933501667524646	11.841154992402881	0.6321148871544254	0.5367328945877277	0.9754828256426847	-6.718309970474362
d7	Pinene, camphor and geraniol degradation	-0.25608413593358165	23.286758752919713	-0.6301982337649373	0.5379527385924308	0.9754828256426847	-6.719554306747675
d7	Fatty acid metabolism	-0.32070894393604477	16.620362760186516	-0.6289308628356317	0.5387601914925926	0.9754828256426847	-6.720375145201004
d7	Biosynthesis of plant secondary metabolites	0.15750618566235766	18.758978031437582	0.6109879876731735	0.5502631764847085	0.9754828256426847	-6.7318277791080705
d7	Limonene degradation	-0.2675055142032815	21.948271004499638	-0.6073246886440892	0.5526279684555033	0.9754828256426847	-6.734127251512078
d7	Inflammatory mediator regulation of TRP channels	-0.2662079592727234	21.95208575237901	-0.604993380202326	0.5541357677255864	0.9754828256426847	-6.735583771120365
d7	Polycyclic aromatic hydrocarbon degradation	0.2410962964581651	20.802355997912425	0.604142999137673	0.5546863126203502	0.9754828256426847	-6.73611373142436
d7	Complement and coagulation cascades	-0.19500672007314684	17.684882447613692	-0.593878936555057	0.5613545248641696	0.9770031082841149	-6.742454280099265
d7	Degradation of aromatic compounds	-0.12433234298215645	21.747004148634996	-0.5773757587188987	0.5721649489973677	0.9770031082841149	-6.752431486304974
d7	Phenylpropanoid biosynthesis	-0.17370831071708046	20.097776925892063	-0.5653677228701501	0.580098798024923	0.9770031082841149	-6.759522014291118
d7	Phenylalanine metabolism	-0.21259736755230185	14.83054736630343	-0.5470493215296752	0.5923104263009236	0.9770031082841149	-6.770063365789299
d7	Serotonergic synapse	-0.21259736755230185	14.83054736630343	-0.5470493215296752	0.5923104263009236	0.9770031082841149	-6.770063365789299
d7	Flavonoid biosynthesis	-0.11378590929940678	17.3047283058984	-0.5158853183427935	0.6133792764517085	0.9770031082841149	-6.7872290145254945
d7	Staurosporine biosynthesis	0.16747361442141717	19.469285361848765	0.5048234619333037	0.6209446125472127	0.9770031082841149	-6.7930885260273195
d7	Biosynthesis of alkaloids derived from shikimate pathway	0.12561885741498938	22.33545025569828	0.5026276402379767	0.6224516668268176	0.9770031082841149	-6.794237062170094
d7	Biosynthesis of terpenoids and steroids	-0.16587015802912317	23.010006133143147	-0.47186884592623174	0.6437432361324533	0.9770031082841149	-6.809815774539304
d7	Biosynthesis of cofactors	0.11899920160403427	19.98697631063667	0.45846406745388185	0.6531254381249357	0.9770031082841149	-6.8163063749961195
d7	Bisphenol degradation	0.19832798805597518	20.433855483062125	0.4414617946935889	0.665112897731716	0.9770031082841149	-6.824277082324769
d7	Opioid receptor agonists/antagonists	0.14764248606305871	19.235743775894527	0.4366980897493457	0.668488720929594	0.9770031082841149	-6.82645770139948
d7	Photosynthesis	0.14764248606305871	19.235743775894527	0.4366980897493457	0.668488720929594	0.9770031082841149	-6.82645770139948
d7	Porphyrin metabolism	0.14764248606305871	19.235743775894527	0.4366980897493457	0.668488720929594	0.9770031082841149	-6.82645770139948
d7	Vitamin digestion and absorption	0.14764248606305871	19.235743775894527	0.4366980897493457	0.668488720929594	0.9770031082841149	-6.82645770139948
d7	Aminobenzoate degradation	0.15942379392067194	19.13946882884803	0.43243608562051905	0.6715152862502654	0.9770031082841149	-6.828389112568688
d7	AMPK signaling pathway	0.2336202592427691	12.25128602309144	0.4151281785930552	0.683866044350502	0.9770031082841149	-6.836042503206403
d7	Asthma	0.24416548248175607	12.036575086116342	0.41054545049533014	0.6871520838298638	0.9770031082841149	-6.838017803238548
d7	Caffeine metabolism	0.24416548248175607	12.036575086116342	0.41054545049533014	0.6871520838298638	0.9770031082841149	-6.838017803238548
d7	Fc epsilon RI signaling pathway	0.24416548248175607	12.036575086116342	0.41054545049533014	0.6871520838298638	0.9770031082841149	-6.838017803238548
d7	Gastric acid secretion	0.24416548248175607	12.036575086116342	0.41054545049533014	0.6871520838298638	0.9770031082841149	-6.838017803238548
d7	Histamine H2/H3 receptor agonists/antagonists	0.24416548248175607	12.036575086116342	0.41054545049533014	0.6871520838298638	0.9770031082841149	-6.838017803238548
d7	Neuroactive ligand signaling	0.24416548248175607	12.036575086116342	0.41054545049533014	0.6871520838298638	0.9770031082841149	-6.838017803238548
d7	Synaptic vesicle cycle	0.24416548248175607	12.036575086116342	0.41054545049533014	0.6871520838298638	0.9770031082841149	-6.838017803238548
d7	Tropane, piperidine and pyridine alkaloid biosynthesis	0.12614867254392148	19.304647959592668	0.37302541596488265	0.7142958205802854	0.9770031082841149	-6.853382258648497
d7	Biosynthesis of alkaloids derived from ornithine, lysine and nicotinic acid	-0.12853667187819326	16.89104323381629	-0.3659324840849723	0.7194736395320479	0.9770031082841149	-6.856124573943078
d7	Isoquinoline alkaloid biosynthesis	-0.17036613195828493	20.072554722144023	-0.34692759175198096	0.7334166048175541	0.9770031082841149	-6.863217265824801
d7	Phosphotransferase system (PTS)	-0.07662308148522634	19.19685098182446	-0.3188061992392719	0.7542255299288865	0.9770031082841149	-6.873028914856786
d7	Taste transduction	-0.07725495747862457	19.176409787216887	-0.31610858470684716	0.756232354140662	0.9770031082841149	-6.87392715695578
d7	Fatty acid degradation	-0.19878777653371213	15.990327640340062	-0.30999734646348687	0.7607853449733595	0.9770031082841149	-6.875934190877709
d7	Fatty acid elongation	-0.19878777653371213	15.990327640340062	-0.30999734646348687	0.7607853449733595	0.9770031082841149	-6.875934190877709
d7	Isoflavonoid biosynthesis	0.06509638550781481	14.381400777622225	0.30853820410991506	0.7618737928252027	0.9770031082841149	-6.876407677790186
d7	Glyoxylate and dicarboxylate metabolism	0.07807460153490323	18.44157669415514	0.2703576471926744	0.7905325748691737	0.9770031082841149	-6.888011985760968
d7	Glycosphingolipid biosynthesis - lacto and neolacto series	0.11323379769244084	17.292845850234126	0.2682927573044518	0.7920918646999371	0.9770031082841149	-6.888596391472408
d7	Ubiquinone and other terpenoid-quinone biosynthesis	0.08007491342570519	19.356380450938623	0.2639940707434198	0.7953409267096119	0.9770031082841149	-6.889798769469909
d7	Biosynthesis of alkaloids derived from histidine and purine	0.1048149145072684	21.506399160435993	0.260140171496142	0.7982571364673137	0.9770031082841149	-6.890860378111458
d7	Pentose and glucuronate interconversions	-0.0976216117221992	16.69072259482006	-0.2584684609574944	0.7995230721360603	0.9770031082841149	-6.89131606229063
d7	Primary bile acid biosynthesis	-0.12455074451040943	17.80756026062684	-0.25006524896541793	0.8058952946371222	0.9770031082841149	-6.893562540617743
d7	Alcoholism	0.07025165210270197	9.036971497086705	0.24134308267596524	0.8125244282662776	0.9770031082841149	-6.895816402778193
d7	Amphetamine addiction	0.07025165210270197	9.036971497086705	0.24134308267596524	0.8125244282662776	0.9770031082841149	-6.895816402778193
d7	Biosynthesis of various other secondary metabolites	0.07025165210270197	9.036971497086705	0.24134308267596524	0.8125244282662776	0.9770031082841149	-6.895816402778193
d7	Carotenoid biosynthesis	0.07025165210270197	9.036971497086705	0.24134308267596524	0.8125244282662776	0.9770031082841149	-6.895816402778193
d7	Cocaine addiction	0.07025165210270197	9.036971497086705	0.24134308267596524	0.8125244282662776	0.9770031082841149	-6.895816402778193
d7	Glycosphingolipid biosynthesis - ganglio series	0.07025165210270197	9.036971497086705	0.24134308267596524	0.8125244282662776	0.9770031082841149	-6.895816402778193
d7	Glycosphingolipid biosynthesis - globo and isoglobo series	0.07025165210270197	9.036971497086705	0.24134308267596524	0.8125244282662776	0.9770031082841149	-6.895816402778193
d7	HMG-CoA reductase inhibitors	0.07025165210270197	9.036971497086705	0.24134308267596524	0.8125244282662776	0.9770031082841149	-6.895816402778193
d7	Inositol phosphate metabolism	0.07025165210270197	9.036971497086705	0.24134308267596524	0.8125244282662776	0.9770031082841149	-6.895816402778193
d7	Parkinson disease	0.07025165210270197	9.036971497086705	0.24134308267596524	0.8125244282662776	0.9770031082841149	-6.895816402778193
d7	Phosphatidylinositol signaling system	0.07025165210270197	9.036971497086705	0.24134308267596524	0.8125244282662776	0.9770031082841149	-6.895816402778193
d7	Prolactin signaling pathway	0.07025165210270197	9.036971497086705	0.24134308267596524	0.8125244282662776	0.9770031082841149	-6.895816402778193
d7	Histidine metabolism	0.10055693149301134	21.429963198538026	0.23192612231032592	0.8196982679329654	0.9770031082841149	-6.898160661012117
d7	Novobiocin biosynthesis	-0.0660255886879488	22.826883513647804	-0.230343781767683	0.820905347150745	0.9770031082841149	-6.898545480283973
d7	Prodigiosin biosynthesis	-0.0660255886879488	22.826883513647804	-0.230343781767683	0.820905347150745	0.9770031082841149	-6.898545480283973
d7	Biosynthesis of ansamycins	-0.03536378831439026	27.47013657124422	-0.22407618996441853	0.8256911063556363	0.9770031082841149	-6.90004402930699
d7	alpha-Linolenic acid metabolism	0.09726083658167872	21.421878939984836	0.22299757562773456	0.8265154323166488	0.9770031082841149	-6.900297779410314
d7	Streptomycin biosynthesis	0.09554523075703412	21.430901666397844	0.22066748182630433	0.8282969135420813	0.9770031082841149	-6.900841794995079
d7	Carbon metabolism	-0.05097125971939663	21.075765528402616	-0.2124658003324007	0.8345752171189279	0.9770031082841149	-6.9027115009047915
d7	Methane metabolism	-0.05097125971939663	21.075765528402616	-0.2124658003324007	0.8345752171189279	0.9770031082841149	-6.9027115009047915
d7	Arachidonic acid metabolism	-0.03294438560697638	27.496607693234616	-0.20784778234862278	0.8381154115182358	0.9770031082841149	-6.9037332802377565
d7	Biosynthesis of nucleotide sugars	-0.047548347608288605	20.24453184857077	-0.19590454161930893	0.8472877278166582	0.9820835026965812	-6.90627228111731
d7	Biosynthesis of secondary metabolites	-0.02728664421359878	27.68074976031932	-0.1690201426620783	0.8680162992028844	0.9906823794437524	-6.911440493662077
d7	Protein digestion and absorption	-0.038351246918878375	19.335063024346972	-0.16356142039030414	0.8722378860143005	0.9906823794437524	-6.912397233340058
d7	Biosynthesis of various alkaloids	-0.0627038083208492	17.050232155571226	-0.15321271659397254	0.8802521235688261	0.9906823794437524	-6.914125114397638
d7	2-Oxocarboxylic acid metabolism	-0.0302523372597691	18.255793315249758	-0.1401048129417427	0.8904224559913116	0.9906823794437524	-6.91615210766826
d7	Arginine and proline metabolism	0.023652769770540115	13.687993524797632	0.13811632957734238	0.8919670902151982	0.9906823794437524	-6.916443821263337
d7	Caprolactam degradation	0.023652769770540115	13.687993524797632	0.13811632957734238	0.8919670902151982	0.9906823794437524	-6.916443821263337
d7	Valine, leucine and isoleucine biosynthesis	0.023652769770540115	13.687993524797632	0.13811632957734238	0.8919670902151982	0.9906823794437524	-6.916443821263337
d7	Flavone and flavonol biosynthesis	0.051798026349895526	14.334319729222512	0.11968357051618522	0.9063061406888452	0.9906823794437524	-6.918949897749142
d7	Cyanoamino acid metabolism	0.03659114254213273	20.70681166540639	0.11528224890397218	0.9097351580513817	0.9906823794437524	-6.919495395085146
d7	Biosynthesis of alkaloids derived from terpenoid and polyketide	0.027584261549877295	16.959649845018113	0.08513299363438721	0.9332702580406214	0.9906823794437524	-6.922683366834462
d7	Leishmaniasis	0.026366608819943516	16.457810387263176	0.06420634021158582	0.9496452618439273	0.9906823794437524	-6.924332719979682
d7	Chemical carcinogenesis - reactive oxygen species	-0.02240587865218426	20.036428397688116	-0.0570848863152956	0.9552234972949427	0.9906823794437524	-6.924788647069071
d7	Metabolism of xenobiotics by cytochrome P450	-0.02240587865218426	20.036428397688116	-0.0570848863152956	0.9552234972949427	0.9906823794437524	-6.924788647069071
d7	AGE-RAGE signaling pathway in diabetic complications	0.013941932080137756	16.38021965898428	0.032670523054609796	0.9743637716998392	0.9906823794437524	-6.925945418516451
d7	Adipocytokine signaling pathway	0.013941932080137756	16.38021965898428	0.032670523054609796	0.9743637716998392	0.9906823794437524	-6.925945418516451
d7	Mucin type O-glycan biosynthesis	0.013941932080137756	16.38021965898428	0.032670523054609796	0.9743637716998392	0.9906823794437524	-6.925945418516451
d7	Necroptosis	0.013941932080137756	16.38021965898428	0.032670523054609796	0.9743637716998392	0.9906823794437524	-6.925945418516451
d7	Neurotrophin signaling pathway	0.013941932080137756	16.38021965898428	0.032670523054609796	0.9743637716998392	0.9906823794437524	-6.925945418516451
d7	Riboflavin metabolism	0.013941932080137756	16.38021965898428	0.032670523054609796	0.9743637716998392	0.9906823794437524	-6.925945418516451
d7	Biosynthesis of plant hormones	0.012915839148613129	16.39207125805601	0.030439900984677682	0.9761135209225207	0.9906823794437524	-6.926019737942776
d7	Biosynthesis of siderophore group nonribosomal peptides	0.012915839148613129	16.39207125805601	0.030439900984677682	0.9761135209225207	0.9906823794437524	-6.926019737942776
d7	Biosynthesis of various antibiotics	0.012915839148613129	16.39207125805601	0.030439900984677682	0.9761135209225207	0.9906823794437524	-6.926019737942776
d7	Carbon fixation by Calvin cycle	0.012915839148613129	16.39207125805601	0.030439900984677682	0.9761135209225207	0.9906823794437524	-6.926019737942776
d7	Glucagon signaling pathway	0.012915839148613129	16.39207125805601	0.030439900984677682	0.9761135209225207	0.9906823794437524	-6.926019737942776
d7	Teichoic acid biosynthesis	0.012915839148613129	16.39207125805601	0.030439900984677682	0.9761135209225207	0.9906823794437524	-6.926019737942776
d7	Metabolic pathways	-0.0038538200273350886	24.916629235530078	-0.018004380078652554	0.9858702800877754	0.9929792948611846	-6.926337785821015
d7	Sphingolipid metabolism	-0.003946664897190153	16.544526504737735	-0.009841647623466393	0.9922760273130744	0.9929792948611846	-6.9264577901243785
d7	Sphingolipid signaling pathway	-0.0036028759987727413	16.53440796354303	-0.008945539061414508	0.9929792948611846	0.9929792948611846	-6.926466678531044
