sample,ko00010,ko00020,ko00030,ko00040,ko00051,ko00052,ko00053,ko00061,ko00071,ko00072,ko00100,ko00120,ko00121,ko00130,ko00140,ko00190,ko00195,ko00220,ko00230,ko00240,ko00250,ko00260,ko00261,ko00270,ko00280,ko00281,ko00290,ko00300,ko00310,ko00311,ko00330,ko00332,ko00333,ko00340,ko00350,ko00360,ko00361,ko00362,ko00364,ko00380,ko00400,ko00401,ko00405,ko00410,ko00430,ko00440,ko00450,ko00460,ko00471,ko00472,ko00473,ko00480,ko00500,ko00511,ko00513,ko00514,ko00515,ko00520,ko00521,ko00523,ko00524,ko00525,ko00531,ko00540,ko00550,ko00561,ko00562,ko00564,ko00565,ko00571,ko00592,ko00600,ko00603,ko00604,ko00620,ko00621,ko00622,ko00623,ko00624,ko00625,ko00626,ko00627,ko00630,ko00633,ko00640,ko00642,ko00643,ko00650,ko00660,ko00670,ko00680,ko00710,ko00720,ko00730,ko00740,ko00750,ko00760,ko00770,ko00780,ko00785,ko00790,ko00791,ko00830,ko00860,ko00900,ko00903,ko00906,ko00908,ko00909,ko00910,ko00920,ko00930,ko00940,ko00944,ko00950,ko00960,ko00966,ko00970,ko00980,ko00981,ko00982,ko00983,ko01040,ko01051,ko01053,ko01054,ko01055,ko01062,ko01100,ko01110,ko01120,ko01130,ko01200,ko01210,ko01212,ko01220,ko01230,ko01501,ko01502,ko01503,ko01523,ko01524,ko02010,ko02020,ko02024,ko02025,ko02026,ko02030,ko02040,ko02060,ko03008,ko03010,ko03013,ko03018,ko03020,ko03022,ko03030,ko03050,ko03060,ko03070,ko03320,ko03410,ko03420,ko03430,ko03440,ko04011,ko04013,ko04016,ko04022,ko04024,ko04066,ko04068,ko04070,ko04072,ko04080,ko04112,ko04113,ko04122,ko04138,ko04141,ko04142,ko04146,ko04151,ko04152,ko04211,ko04212,ko04213,ko04214,ko04216,ko04217,ko04260,ko04261,ko04612,ko04614,ko04621,ko04622,ko04626,ko04657,ko04659,ko04714,ko04724,ko04727,ko04910,ko04911,ko04914,ko04915,ko04917,ko04918,ko04919,ko04920,ko04922,ko04925,ko04930,ko04931,ko04934,ko04940,ko04960,ko04961,ko04964,ko04970,ko04971,ko04972,ko04973,ko04974,ko04976,ko04978,ko04979,ko05010,ko05014,ko05016,ko05100,ko05110,ko05111,ko05120,ko05132,ko05133,ko05134,ko05143,ko05146,ko05150,ko05152,ko05165,ko05166,ko05200,ko05203,ko05204,ko05205,ko05206,ko05211,ko05215,ko05219,ko05225,ko05230,ko05231,ko05340,ko05418
BPS_high_wk22_inoculum_d0_A,21404,3915,6926,1242,14127,13589,247,1506,2261,770,12,1123,1123,1417,124,7211,3209,1509,20811,18490,7026,5123,1253,6511,2612,388,649,4118,864,1024,1943,39,917,243,2294,496,19,2101,5,479,1198,482,35,128,1579,293,2252,1969,1603,4,1594,2789,28737,1247,362,4,4,25458,2580,1255,906,608,635,620,10190,4746,1220,6218,12,12,385,1248,848,362,10533,393,412,16,4,1457,1405,1209,3853,158,4538,385,18,3864,885,3197,6940,5475,6003,3811,5267,625,3920,2777,1047,76,1578,9,972,1686,5409,49,12,401,23,1057,1961,82,833,173,420,455,20,11258,972,44,972,3616,906,110,20,382,693,12,136914,48332,36213,36722,20130,1739,1891,2864,17768,6589,2922,3285,1236,1913,76897,32583,29787,1598,3976,862,149,44700,435,22794,797,6557,2423,4,7020,0,5214,5349,70,4395,3831,8878,8996,16,15,1943,416,416,1512,47,420,4,4,4239,1,2048,4,412,707,520,35,432,31,1345,1219,19,373,915,416,416,19,4,682,38,421,19,19,8,818,829,51,416,19,19,427,1222,427,24,2650,416,401,425,381,412,416,416,829,416,416,416,428,424,416,416,4,404,16,15,5,72,6394,39,20,45,909,4,74,1623,1205,401,4,620,401,5,435,630,381,19,8,220,2657,16,874,914
BPS_high_wk22_inoculum_d0_B,21575,3849,6981,1256,14239,13666,247,1476,2277,782,5,1144,1144,1382,64,7149,3220,1453,20879,18597,7038,5070,1242,6479,2586,394,594,4088,862,1032,1919,29,899,204,2272,476,23,2130,7,467,1064,456,15,103,1595,263,2233,1997,1610,6,1595,2822,29104,1105,299,6,6,25630,2576,1252,910,601,538,512,10237,4805,1225,6225,5,5,391,1138,785,299,10570,403,415,12,6,1473,1416,1233,3740,135,4541,391,17,3866,866,3177,6962,5512,5994,3804,5298,601,3928,2712,983,57,1514,12,975,1585,5419,53,5,402,10,1042,1930,89,847,176,416,442,17,11299,975,47,975,3639,886,116,13,387,691,5,136437,47834,36149,36388,20064,1639,1867,2899,17494,6483,2954,3201,1222,1920,77827,32995,29898,1576,4008,894,204,45344,437,22879,797,6518,2437,4,7071,0,5214,5322,72,4403,3848,8966,9066,9,8,1938,422,422,1505,29,416,6,4,4261,1,2042,6,407,618,512,26,424,17,1341,1213,12,384,903,422,422,15,2,680,39,430,15,15,10,817,822,37,422,15,15,436,1241,427,21,2659,422,402,425,387,407,422,422,832,422,422,422,428,426,422,422,4,405,9,8,5,73,6386,32,17,41,895,2,77,1647,1209,402,4,618,402,6,437,652,387,15,10,216,2658,11,887,902
BPS_high_wk22_inoculum_d0_D,18707,4669,6375,1309,12442,12442,223,1997,2018,597,77,879,879,1779,756,7782,3053,2266,19656,17146,7005,5846,1390,7111,2818,299,1457,4430,871,865,2240,164,1113,963,2458,705,10,1852,5,562,2767,782,231,433,1364,610,2454,1749,1529,5,1514,2279,23586,2721,961,5,5,22460,2549,1247,843,676,1561,1764,9576,4097,1218,5973,77,77,299,2416,1484,961,10166,309,386,82,5,1261,1224,939,5176,395,4654,299,0,3887,1178,3358,6760,5026,6285,3931,4651,921,3723,3520,1750,258,2230,10,893,2681,5231,37,77,381,154,1292,2419,70,793,136,463,628,87,10617,893,32,893,3296,1108,162,77,299,675,77,141868,54260,37254,40720,20899,3210,2296,2575,21712,7554,2848,4085,1348,1763,68124,30497,28599,1946,3750,914,241,34709,408,21473,757,6816,2236,0,6490,0,5237,5991,125,4246,3698,8020,8240,77,77,1917,326,326,1509,236,463,5,0,4190,0,2064,5,458,1569,600,164,545,154,1389,1215,77,287,1128,326,326,82,26,741,27,401,82,82,5,849,926,247,326,82,82,331,950,403,87,2471,326,381,473,299,458,326,326,789,326,326,326,403,377,326,326,0,381,77,77,0,54,6253,170,87,180,1053,26,59,1249,1143,381,0,621,381,5,408,726,299,82,5,240,2543,82,679,1058
BPS_high_wk22_inoculum_d0_E,19440,4315,6692,1445,12981,12766,229,1898,2093,650,39,987,987,1582,422,7421,3101,1996,19917,17661,7081,5599,1336,7009,2668,325,1204,4261,860,896,2130,120,1020,816,2320,605,42,2018,21,493,2066,644,118,310,1441,442,2362,1921,1561,21,1499,2420,25319,1924,601,21,21,23152,2507,1224,859,632,1001,1164,9789,4417,1269,5969,39,39,325,1799,1126,601,10392,366,406,60,21,1343,1272,1067,4586,267,4716,325,0,3908,1092,3226,6889,5205,6285,3897,4749,796,3741,3167,1418,148,1879,42,897,2102,5265,71,39,385,79,1231,2296,121,895,148,445,566,81,10772,897,50,897,3396,999,223,39,325,661,39,139210,51645,37055,39004,20569,2746,2223,2792,20431,6934,3076,3602,1260,1785,73506,33301,29189,1854,3953,1196,705,37606,415,21789,749,6545,2301,0,6756,0,5229,5907,152,4266,3791,8498,8603,39,39,1864,354,354,1449,139,445,21,0,4344,0,2025,21,424,1054,564,120,505,79,1364,1174,39,358,1082,354,354,60,13,733,30,468,60,60,21,851,890,181,354,60,60,375,1034,394,81,2496,354,385,487,325,424,354,354,800,354,354,354,394,381,354,354,0,385,39,39,0,59,6153,141,81,183,968,13,80,1359,1155,385,0,602,385,21,415,915,325,60,21,217,2515,60,738,989
BPS_high_wk22_inoculum_d0_F,18091,4869,6227,1304,12073,12168,230,2120,1964,557,95,815,815,1879,925,7946,3011,2452,19393,16798,6977,6023,1422,7251,2889,279,1644,4514,876,829,2321,196,1167,1117,2512,767,6,1777,3,593,3172,860,285,513,1312,697,2514,1678,1507,3,1499,2160,22367,3118,1128,3,3,21809,2549,1249,828,696,1819,2067,9421,3927,1212,5925,95,95,278,2724,1655,1128,10079,284,379,98,3,1214,1183,869,5517,459,4680,278,1,3890,1244,3405,6700,4907,6340,3956,4513,995,3684,3715,1940,311,2412,5,876,2953,5190,31,95,376,190,1349,2531,59,768,126,474,670,100,10462,876,28,876,3217,1164,162,96,278,674,95,143210,55768,37523,41753,21111,3550,2399,2487,22646,7835,2793,4313,1382,1729,65626,29648,28269,2020,3671,875,180,32470,401,21146,750,6899,2186,0,6339,0,5235,6111,131,4210,3655,7771,8029,95,95,1920,303,303,1519,288,474,3,0,4151,0,2074,3,471,1809,623,196,572,191,1400,1221,96,262,1174,303,303,98,32,751,25,387,98,98,3,852,947,293,303,98,98,306,885,399,101,2431,303,376,479,278,471,303,303,777,303,303,303,399,367,303,303,0,376,95,95,0,51,6235,198,100,203,1091,32,53,1165,1128,376,0,623,376,3,401,710,278,98,3,247,2524,98,632,1093
BPS_high_wk22_inoculum_d0_G,18303,4166,7040,2004,12708,12259,287,2314,2038,592,1,1006,1006,1413,151,6984,3028,2118,19212,17483,7236,5757,1328,7533,2499,297,1421,4111,840,781,2204,147,989,1269,2087,594,147,2217,73,400,1848,592,2,323,1404,311,2373,2182,1550,73,1332,2201,24312,1225,195,73,73,21570,2327,1137,820,578,359,670,9636,4624,1447,5606,1,1,296,1274,763,195,10751,441,443,73,73,1371,1198,1134,4399,156,5160,296,2,4021,1178,2977,7037,5162,6672,3918,4206,771,3543,2990,1286,29,1618,145,801,1479,5132,173,1,369,1,1361,2542,272,1175,134,443,590,146,10372,801,100,801,3278,915,491,2,296,585,1,136996,50805,38033,38732,20598,3120,2610,3122,21405,6186,3704,3079,1110,1647,79568,39677,29472,1981,4294,2165,2325,34426,396,20910,666,5944,2242,0,6876,0,5187,6399,319,4111,3897,8857,8721,1,1,1649,323,323,1254,75,443,73,0,4748,0,1923,73,370,486,572,147,516,2,1336,1037,1,488,1205,323,323,74,0,777,27,660,74,74,73,884,885,220,323,74,74,396,942,323,146,2333,323,369,588,296,370,323,323,765,323,323,323,323,323,323,323,0,370,1,1,1,54,5595,219,146,364,867,0,126,1240,1109,369,0,531,369,73,396,1640,296,74,73,162,2261,73,673,940
BPS_high_wk22_control_d2_A,18901,4456,6608,1481,12698,12522,243,2025,2050,615,50,939,939,1645,530,7513,3063,2144,19669,17381,7066,5743,1359,7154,2713,308,1358,4313,863,861,2198,146,1059,962,2344,653,47,1974,23,511,2356,699,150,371,1398,498,2411,1885,1542,22,1476,2315,24345,2171,697,22,22,22563,2495,1219,844,643,1148,1354,9659,4305,1278,5905,50,50,308,1991,1227,697,10358,353,404,73,22,1311,1237,1019,4829,307,4772,308,3,3919,1145,3242,6851,5110,6354,3915,4604,850,3698,3301,1553,179,2000,45,878,2260,5225,74,50,380,100,1284,2400,123,896,140,453,599,95,10624,878,51,878,3327,1036,241,51,307,654,50,140060,52710,37341,39764,20737,3023,2333,2749,21196,7094,3077,3737,1274,1750,72052,33100,28955,1916,3915,1231,769,35745,408,21473,738,6562,2258,1,6648,0,5222,6025,169,4227,3764,8331,8448,51,51,1851,335,335,1443,174,453,22,1,4340,0,2026,22,430,1194,584,146,525,101,1370,1169,51,349,1124,335,335,73,17,744,28,471,73,73,23,855,905,218,335,73,73,358,978,385,96,2455,335,380,498,307,430,335,335,787,335,335,335,385,368,335,335,1,381,51,51,1,56,6098,168,95,212,989,17,78,1288,1141,380,1,598,380,22,408,951,307,73,23,218,2483,73,699,1011
BPS_high_wk22_control_d2_B,18903,4522,6535,1414,12671,12514,246,2014,2047,613,59,920,920,1688,600,7603,3060,2173,19692,17312,7032,5766,1365,7130,2756,308,1371,4350,867,866,2213,151,1077,939,2386,674,35,1930,16,533,2477,724,176,389,1390,534,2429,1835,1536,15,1491,2314,24205,2344,783,15,15,22622,2517,1230,845,654,1282,1480,9638,4242,1256,5936,59,59,306,2121,1307,783,10308,337,398,74,15,1299,1238,995,4930,335,4735,306,6,3907,1147,3280,6815,5083,6320,3915,4633,869,3714,3368,1616,206,2077,31,885,2394,5230,60,59,381,118,1284,2401,102,855,139,456,605,90,10630,885,45,885,3321,1060,208,61,305,662,59,140635,53148,37315,40045,20794,3050,2320,2688,21286,7252,2984,3854,1300,1757,70732,32109,28835,1913,3852,1099,552,35691,408,21484,746,6648,2251,1,6592,0,5220,5981,151,4235,3738,8220,8376,60,60,1877,333,333,1470,194,456,15,1,4276,0,2041,15,439,1316,590,149,529,120,1376,1188,61,328,1119,333,333,75,20,740,29,443,75,75,17,849,908,224,333,75,75,351,974,392,91,2465,333,381,486,305,439,333,333,786,333,333,333,392,372,333,333,1,382,60,60,2,56,6157,165,90,195,1008,20,71,1286,1143,381,1,606,381,16,408,856,305,75,17,225,2508,74,696,1024
BPS_high_wk22_control_d2_C,11480,5705,6185,2662,9053,9254,382,3867,1488,165,108,477,477,2059,1280,7844,2588,3880,16043,14278,7228,7486,1604,9380,2870,83,3337,4653,851,326,2973,452,1411,3203,2247,1095,236,1823,118,532,5089,1203,324,1020,901,893,2887,1911,1353,118,999,892,12373,3794,1133,118,118,13823,2099,1042,640,680,1790,2689,8113,3404,1617,4731,108,108,83,3305,1801,1133,10401,319,427,226,118,989,745,610,7122,573,5911,83,0,4185,1866,3077,6725,4094,7640,4168,2331,1387,2947,4457,2748,332,2850,236,537,3059,4614,244,108,309,216,2014,3808,369,1326,38,535,987,344,8545,537,126,537,2452,1293,831,108,83,477,108,145835,62877,41491,47314,22430,6582,3950,2779,30790,7661,4048,4378,1214,1185,65648,40517,27010,2805,4063,3079,3886,10623,316,17039,499,5920,1752,0,5750,0,5139,8111,588,3615,3669,7194,7078,108,108,1401,90,90,1084,442,535,118,0,4940,0,1878,118,417,1851,776,452,761,216,1401,916,108,429,1765,90,90,226,36,932,8,781,226,226,118,962,1070,678,90,226,226,208,263,198,344,1787,90,309,771,83,417,90,90,625,90,90,90,198,162,90,90,0,309,108,108,0,15,4748,570,344,806,1075,36,133,346,926,309,0,462,309,118,316,2444,83,226,118,153,1777,226,188,1193
BPS_high_wk22_control_d2_D,17317,4688,6554,1767,11933,11829,270,2423,1931,521,58,850,850,1711,654,7537,2964,2500,18884,16756,7119,6103,1408,7640,2724,260,1774,4367,858,744,2355,209,1125,1452,2302,736,93,1964,46,505,2877,794,174,500,1296,564,2503,1916,1505,46,1366,2012,21862,2429,746,46,46,20667,2399,1176,800,646,1216,1575,9341,4145,1361,5640,58,58,260,2206,1309,746,10392,353,411,104,46,1248,1132,944,5266,349,5033,260,0,3981,1298,3188,6844,4908,6645,3969,4105,955,3530,3514,1775,198,2141,93,801,2362,5092,117,58,365,116,1440,2699,187,1008,118,469,678,151,10178,801,70,801,3144,1078,384,58,260,612,58,140998,54656,38237,41230,21067,3770,2683,2786,23197,7134,3332,3814,1249,1625,71361,35188,28603,2108,3980,1693,1545,30409,388,20523,683,6382,2154,0,6486,0,5205,6493,268,4093,3757,8146,8194,58,58,1741,284,284,1353,221,469,46,0,4501,0,1986,46,423,1271,621,209,574,116,1374,1106,58,376,1264,284,284,104,19,786,24,551,104,104,46,880,938,313,284,104,104,330,828,342,151,2308,284,365,562,260,423,284,284,753,284,284,284,342,323,284,284,0,365,58,58,0,47,5781,255,151,348,997,19,94,1088,1094,365,0,565,365,46,388,1319,260,104,46,200,2319,104,592,1044
BPS_high_wk22_control_d2_E,18725,4397,6696,1600,12662,12451,246,2091,2042,608,40,952,952,1596,452,7399,3056,2148,19551,17394,7111,5755,1355,7244,2662,304,1385,4272,857,841,2200,148,1045,1044,2287,639,68,2028,34,485,2259,678,119,363,1397,459,2401,1952,1545,34,1443,2283,24258,1976,591,34,34,22285,2456,1200,838,629,981,1216,9649,4368,1315,5835,40,40,304,1846,1131,591,10435,372,412,74,34,1321,1225,1042,4748,276,4856,304,0,3941,1158,3186,6895,5119,6430,3919,4509,836,3660,3239,1499,147,1919,68,859,2097,5202,96,40,378,79,1303,2435,157,960,138,451,599,108,10563,859,62,859,3313,1010,299,40,304,638,40,139426,52359,37493,39574,20707,3070,2395,2831,21300,6898,3222,3596,1239,1725,73658,34589,29065,1939,4002,1449,1130,35263,405,21341,721,6428,2254,0,6698,0,5218,6127,204,4201,3795,8447,8507,40,40,1805,332,332,1399,153,452,34,0,4436,0,2002,34,417,1044,581,148,525,79,1363,1139,40,379,1146,332,332,74,13,753,28,514,74,74,34,863,903,221,332,74,74,366,967,371,108,2425,332,378,520,304,417,332,332,783,332,332,332,371,358,332,332,0,378,40,40,0,55,5985,182,108,250,964,13,89,1271,1133,378,0,583,378,34,405,1113,304,74,34,206,2431,74,691,998
BPS_high_wk22_control_d2_F,17838,4504,6697,1789,12261,12059,267,2327,1979,555,41,908,908,1617,494,7378,2999,2337,19099,17061,7147,5949,1378,7532,2656,278,1611,4287,853,773,2287,182,1076,1325,2248,682,100,2038,50,475,2507,722,122,429,1343,482,2450,1987,1524,50,1374,2112,22930,2052,584,50,50,21209,2394,1172,813,626,966,1288,9475,4304,1372,5672,41,41,278,1913,1144,584,10483,378,419,91,50,1292,1166,1009,4955,289,5025,278,0,3982,1242,3138,6901,5012,6607,3947,4213,887,3560,3333,1602,147,1971,100,813,2100,5124,126,41,369,81,1393,2607,201,1038,126,459,641,141,10304,813,75,813,3211,1025,392,41,278,611,41,139729,53276,38030,40298,20880,3474,2604,2875,22385,6861,3398,3595,1214,1651,73776,36132,28906,2044,4059,1756,1646,32341,394,20786,687,6289,2196,0,6623,0,5205,6398,267,4120,3798,8378,8384,41,41,1733,303,303,1339,172,459,50,0,4547,0,1974,50,409,1039,601,182,550,81,1363,1096,41,403,1226,303,303,91,14,777,25,569,91,91,50,878,919,273,303,91,91,353,884,344,141,2338,303,369,560,278,409,303,303,762,303,303,303,344,330,303,303,0,369,41,41,0,50,5780,232,141,332,960,14,101,1161,1106,369,0,561,369,50,394,1353,278,91,50,192,2328,91,631,1010
BPS_high_wk22_control_d2_G,14870,4562,7062,2750,11162,10747,366,3231,1794,391,2,841,841,1481,294,6877,2809,2844,17457,16212,7384,6505,1419,8655,2465,195,2292,4161,826,517,2536,278,1106,2366,1925,754,274,2267,137,357,2773,755,6,576,1196,392,2558,2332,1473,137,1063,1543,19208,1472,145,137,137,17392,2080,1022,721,564,263,917,8969,4391,1671,4967,2,2,195,1497,790,145,10953,469,471,139,137,1262,970,1014,5174,198,5826,195,1,4182,1499,2784,7071,4754,7368,4028,3054,963,3152,3336,1670,24,1802,274,620,1453,4829,292,2,334,4,1708,3206,446,1488,89,473,751,276,9370,620,155,620,2884,969,858,3,196,478,2,138017,54236,40121,41457,21254,4678,3427,3310,25581,6001,4409,3043,1008,1359,80355,45903,28884,2389,4534,3386,4377,23131,352,18762,531,5382,2020,0,6601,0,5136,7461,567,3796,3919,8620,8267,2,2,1364,213,213,1012,143,473,137,0,5195,0,1812,137,336,434,648,278,612,5,1333,868,2,588,1515,213,213,139,1,873,18,881,139,139,137,943,946,416,213,139,139,350,621,215,276,1992,213,334,746,195,336,213,213,686,213,213,213,215,214,213,213,0,334,2,2,0,36,4786,415,276,688,847,1,172,817,1002,334,0,443,334,137,352,2596,195,139,137,109,1858,139,444,983
BPS_high_wk22_bps_d2_A,20798,3885,7021,1459,13841,13353,234,1653,2217,739,0,1124,1124,1367,52,7067,3185,1594,20486,18395,7121,5217,1262,6720,2529,370,789,4077,852,973,1966,53,906,471,2207,482,54,2177,26,434,1186,475,0,141,1555,255,2244,2069,1604,26,1529,2679,28016,1055,235,26,26,24616,2508,1220,890,590,436,496,10117,4790,1285,6071,0,0,369,1118,747,235,10609,420,422,26,26,1451,1363,1220,3844,127,4681,369,5,3904,943,3119,7008,5453,6166,3837,5041,633,3829,2744,1014,35,1493,51,932,1504,5352,86,0,395,0,1111,2062,144,945,167,421,474,51,11095,932,61,932,3563,879,221,2,368,664,0,136291,48339,36533,36778,20133,1988,2022,2982,18378,6331,3183,3113,1186,1856,78898,35079,29883,1682,4114,1266,817,42660,428,22458,764,6354,2402,1,7068,0,5221,5620,138,4338,3878,9016,9041,1,1,1858,402,402,1431,28,421,26,1,4417,0,2005,26,395,531,518,52,446,2,1339,1162,2,415,979,402,402,27,0,707,35,498,27,27,27,840,840,78,402,27,27,429,1175,402,52,2580,402,395,472,368,395,402,402,821,402,402,402,402,402,402,402,1,396,1,1,2,68,6184,78,51,128,882,0,93,1548,1186,395,1,596,395,26,428,937,368,27,27,201,2555,26,839,908
BPS_high_wk22_bps_d2_B,20290,4072,6870,1428,13513,13129,235,1743,2170,704,18,1065,1065,1465,218,7235,3151,1756,20280,18090,7091,5369,1292,6821,2600,353,949,4161,857,946,2035,80,957,591,2266,537,45,2100,21,465,1563,548,54,212,1509,339,2297,1994,1585,21,1523,2581,26954,1448,406,21,21,24094,2516,1226,879,610,700,795,9985,4626,1271,6044,18,18,352,1423,920,406,10510,394,414,39,21,1406,1329,1153,4162,190,4682,352,5,3901,999,3173,6948,5349,6198,3859,4942,702,3802,2928,1191,88,1668,42,922,1780,5321,75,18,391,36,1156,2152,127,910,160,431,511,60,10975,922,54,922,3497,934,209,20,351,666,18,137609,49745,36726,37723,20321,2281,2095,2887,19181,6620,3106,3342,1223,1832,76359,34025,29573,1745,4028,1188,690,40758,423,22208,762,6458,2360,1,6928,0,5222,5708,136,4313,3835,8777,8847,19,19,1871,383,383,1448,78,431,21,1,4364,0,2018,21,409,774,539,79,470,38,1350,1174,20,386,1015,383,383,40,6,715,33,476,40,40,22,842,860,118,383,40,40,406,1120,401,61,2552,383,391,472,351,409,383,383,812,383,383,383,401,395,383,383,1,392,19,19,2,65,6194,100,60,141,922,6,85,1477,1175,391,1,601,391,21,423,891,351,40,22,210,2550,39,800,943
BPS_high_wk22_bps_d2_C,12872,5408,6338,2509,9784,9864,361,3546,1600,252,88,580,580,1938,1069,7690,2678,3529,16697,14916,7223,7140,1551,8995,2804,126,2951,4553,850,420,2819,391,1330,2804,2226,998,215,1892,107,511,4460,1085,266,882,1002,784,2786,1953,1392,107,1072,1159,14769,3316,964,107,107,15415,2151,1064,677,662,1534,2311,8420,3636,1576,4917,88,88,126,2925,1610,964,10456,340,429,195,107,1064,838,710,6593,495,5746,126,1,4149,1727,3068,6780,4305,7433,4117,2723,1267,3073,4176,2466,277,2620,214,593,2773,4721,226,89,321,177,1880,3550,344,1284,57,517,908,302,8920,593,119,593,2619,1223,753,89,127,501,88,144185,60535,40773,45637,22069,5885,3672,2834,28904,7402,3954,4144,1200,1281,68130,40080,27483,2637,4094,2858,3510,15449,333,17837,536,5949,1851,0,5966,0,5150,7751,528,3719,3709,7505,7396,89,89,1458,137,137,1126,372,517,107,0,4885,0,1891,107,410,1605,736,391,712,177,1389,946,89,436,1650,137,137,195,29,899,12,749,195,195,107,945,1033,586,137,195,195,244,401,226,302,1901,137,321,731,126,410,137,137,654,137,137,137,226,196,137,137,0,321,89,89,0,23,4937,498,302,711,1038,29,130,528,964,321,0,478,321,107,333,2254,126,195,107,157,1883,195,286,1145
BPS_high_wk22_bps_d2_D,16517,5047,6241,1649,11366,11476,266,2541,1852,464,95,740,740,1908,987,7892,2911,2783,18588,16219,7046,6364,1463,7766,2871,232,2042,4535,869,707,2472,256,1220,1620,2435,839,65,1801,32,572,3590,934,286,628,1216,732,2598,1749,1472,32,1375,1859,20036,3223,1101,32,32,19891,2434,1196,783,689,1768,2174,9116,3823,1316,5630,95,95,232,2820,1663,1101,10174,297,392,128,32,1165,1079,815,5866,477,4987,232,0,3964,1391,3314,6717,4721,6660,4006,3983,1082,3503,3870,2112,307,2492,65,793,2934,5051,86,95,360,191,1508,2835,139,914,105,488,743,160,10002,793,54,793,3037,1187,332,95,232,624,95,143649,57317,38481,42988,21409,4263,2774,2576,24555,7743,3121,4291,1334,1597,66056,32552,28007,2207,3784,1441,1131,27298,381,20162,687,6637,2085,0,6216,0,5212,6599,246,4065,3666,7668,7825,95,95,1788,253,253,1407,319,488,32,0,4358,0,2023,32,455,1779,658,255,615,191,1398,1143,95,308,1317,253,253,128,32,795,21,489,128,128,32,880,975,383,253,128,128,286,739,349,160,2275,253,360,552,232,455,253,253,741,253,253,253,349,317,253,253,0,360,95,95,0,42,5862,288,160,353,1080,32,75,971,1080,360,0,582,360,32,381,1153,232,128,32,222,2338,128,528,1113
BPS_high_wk22_bps_d2_E,19007,4379,6678,1523,12777,12574,239,2010,2062,624,42,962,962,1600,456,7429,3073,2094,19701,17485,7092,5698,1349,7144,2674,312,1317,4275,859,864,2175,138,1039,949,2310,630,55,2015,27,493,2210,671,125,346,1413,460,2389,1928,1550,27,1468,2337,24642,1995,614,27,27,22638,2481,1212,847,633,1020,1224,9699,4373,1292,5895,42,42,312,1857,1147,614,10404,366,408,69,27,1327,1244,1046,4707,279,4790,312,1,3926,1133,3210,6885,5148,6364,3910,4611,825,3696,3225,1481,153,1920,55,876,2131,5228,83,42,381,83,1274,2380,139,925,142,450,587,96,10648,876,56,876,3345,1011,262,42,313,649,42,139467,52175,37310,39409,20664,2948,2323,2802,20975,6947,3144,3625,1253,1751,73303,33863,29091,1907,3969,1322,914,36164,409,21522,734,6494,2271,0,6709,0,5223,6031,179,4229,3787,8443,8530,42,42,1834,340,340,1425,152,450,27,0,4387,0,2014,27,422,1076,576,138,518,83,1365,1157,42,366,1120,340,340,69,14,744,28,490,69,69,28,857,899,206,340,69,69,368,993,382,96,2456,340,381,504,312,422,340,340,790,340,340,340,382,368,340,340,0,381,42,42,0,57,6066,165,96,220,970,14,84,1305,1142,381,0,593,381,28,409,1013,312,69,27,212,2470,69,709,998
BPS_high_wk22_bps_d2_F,15716,5235,6133,1720,10933,11122,278,2723,1787,414,109,676,676,1988,1127,8003,2859,2993,18218,15835,7042,6570,1496,7981,2919,207,2269,4602,870,654,2564,292,1271,1845,2458,900,74,1751,37,590,3983,1008,327,711,1156,804,2660,1712,1448,37,1337,1705,18619,3543,1221,37,37,18987,2410,1186,762,702,1950,2424,8934,3673,1334,5531,109,109,207,3072,1794,1221,10127,281,390,146,37,1118,1026,751,6197,529,5071,207,0,3982,1472,3330,6677,4593,6770,4035,3766,1157,3435,4050,2290,346,2645,74,763,3134,4991,93,109,353,218,1584,2984,149,928,94,499,790,183,9788,763,56,763,2939,1234,368,109,207,612,109,144747,58782,38884,44025,21630,4672,2929,2530,25667,7933,3152,4456,1349,1543,64282,32547,27705,2304,3751,1535,1292,24494,372,19709,669,6644,2027,0,6078,0,5206,6796,276,4008,3636,7461,7624,109,109,1761,226,226,1390,364,499,37,0,4374,0,2019,37,462,1953,682,292,645,218,1407,1130,109,299,1382,226,226,146,36,813,19,501,146,146,37,888,997,438,226,146,146,263,658,335,183,2212,226,353,573,207,462,226,226,724,226,226,226,335,298,226,226,0,353,109,109,0,38,5768,329,183,403,1107,36,75,866,1058,353,0,575,353,37,372,1237,207,146,37,222,2283,146,470,1144
BPS_high_wk22_bps_d2_G,16101,4435,7033,2463,11699,11293,333,2893,1879,462,4,896,896,1468,262,6939,2889,2589,18095,16657,7326,6240,1389,8241,2485,231,1984,4153,831,613,2417,232,1067,1967,1993,699,224,2239,112,376,2471,702,12,489,1269,372,2493,2266,1500,112,1165,1779,20999,1430,186,112,112,18901,2175,1066,757,572,334,863,9206,4457,1584,5206,4,4,231,1454,803,186,10860,455,459,116,112,1297,1052,1051,4921,191,5571,231,0,4120,1385,2865,7052,4896,7109,3990,3478,900,3296,3229,1547,33,1754,224,687,1499,4940,245,4,347,8,1582,2965,378,1366,105,463,695,228,9736,687,133,687,3025,955,718,4,231,519,4,137800,53119,39347,40544,21026,4128,3124,3227,24106,6109,4134,3086,1052,1466,79734,43419,29071,2244,4434,2916,3586,27142,368,19549,582,5610,2100,0,6689,0,5157,7074,473,3913,3906,8682,8417,4,4,1473,252,252,1105,124,463,112,0,5021,0,1855,112,351,486,621,232,579,8,1336,933,4,546,1402,252,252,116,1,838,21,795,116,116,112,922,926,347,252,116,116,364,736,256,228,2118,252,347,687,231,351,252,252,715,252,252,252,256,255,252,252,0,347,4,4,0,42,5095,344,228,567,860,1,154,967,1041,347,0,477,347,112,368,2230,231,116,112,130,2010,116,526,972
BPS_high_wk22_control_d7_A,17007,4857,6456,1739,11882,11629,340,2566,1919,496,72,793,793,1795,783,7678,2915,2625,18728,16439,7019,6226,1420,7759,2836,253,1863,4432,871,721,2447,234,1182,1504,2362,820,96,1878,40,555,3183,855,217,569,1260,637,2590,1832,1472,40,1360,1941,21214,2733,881,40,40,20454,2411,1182,787,663,1423,1791,9209,4021,1355,5612,72,72,247,2419,1431,881,10406,327,409,113,40,1230,1115,894,5519,400,5101,247,25,3988,1318,3214,6754,4790,6665,3961,4005,1002,3521,3664,1947,248,2317,80,792,2563,5064,109,72,359,145,1489,2799,163,965,110,476,705,152,10042,792,69,792,3078,1132,359,84,243,612,72,142079,55685,38596,42047,21308,3929,2813,2699,23734,7404,3218,4019,1277,1600,69100,33989,28268,2115,3872,1557,1341,29636,382,20202,679,6437,2101,5,6317,0,5162,6453,264,4055,3698,7869,7965,78,77,1756,264,264,1380,267,477,40,5,4404,1,2006,40,432,1467,654,229,583,156,1380,1125,83,360,1278,264,264,117,24,782,27,524,117,117,45,865,937,341,264,117,117,314,785,337,157,2283,264,359,551,242,432,264,264,730,264,264,264,338,313,264,264,5,365,78,77,8,48,5770,269,152,343,1020,24,84,1055,1084,359,5,564,359,40,381,1226,242,117,45,205,2316,112,561,1060
BPS_high_wk22_control_d7_B,15743,5270,6108,1689,10986,11111,301,2740,1793,413,113,664,664,2009,1157,8044,2851,3004,18229,15780,7004,6580,1495,7983,2956,209,2263,4618,875,656,2582,295,1285,1823,2480,921,72,1724,33,607,4038,1020,338,724,1153,822,2682,1683,1440,33,1343,1706,18615,3616,1259,33,33,19073,2421,1191,761,707,2008,2473,8916,3647,1326,5542,113,113,207,3120,1824,1259,10133,273,389,146,33,1118,1029,741,6242,541,5075,207,9,3980,1465,3341,6648,4570,6755,4027,3771,1163,3445,4080,2328,360,2690,66,765,3187,4992,87,113,352,225,1589,2994,136,905,93,500,793,179,9778,765,54,765,2932,1248,349,117,205,615,113,145010,58946,38938,44169,21683,4662,2947,2500,25677,8015,3095,4514,1359,1545,63630,32008,27623,2290,3711,1456,1167,24692,371,19675,671,6673,2017,2,6036,0,5192,6743,267,4005,3618,7386,7570,115,115,1774,223,223,1405,375,500,33,2,4330,0,2028,33,465,2007,690,293,643,229,1408,1141,116,293,1375,223,223,147,38,808,21,486,147,147,35,881,994,439,223,147,147,260,657,336,181,2215,223,352,564,205,465,223,223,719,223,223,223,336,298,223,223,2,354,115,115,3,39,5788,326,179,390,1113,38,70,871,1059,352,2,577,352,33,371,1179,205,147,35,225,2295,146,469,1146
BPS_high_wk22_control_d7_C,10822,5885,6063,2690,8674,8958,390,4008,1438,124,123,417,417,2143,1424,7970,2544,4065,15748,13936,7213,7664,1635,9541,2929,63,3530,4723,856,285,3055,483,1461,3379,2285,1153,238,1766,119,557,5461,1274,370,1098,849,967,2943,1860,1332,119,975,767,11144,4127,1266,119,119,13097,2087,1038,623,696,1995,2948,7955,3254,1622,4662,123,123,62,3566,1941,1266,10337,299,423,242,119,947,703,548,7436,627,5962,62,1,4198,1934,3107,6677,3978,7715,4191,2167,1457,2898,4631,2920,374,3007,239,516,3281,4566,245,123,303,245,2077,3930,369,1320,28,545,1028,361,8372,517,125,517,2371,1343,847,125,64,471,123,146967,64261,41803,48278,22631,6931,4072,2718,31738,7882,4034,4562,1237,1145,63637,40113,26718,2892,4013,3104,3929,8272,309,16676,488,5961,1702,0,5615,0,5135,8258,605,3571,3634,6979,6885,123,123,1390,67,67,1081,487,545,119,0,4929,0,1881,119,426,2044,799,483,786,246,1410,914,123,413,1817,67,67,242,41,945,6,779,242,242,119,967,1090,725,67,242,242,186,196,190,361,1740,67,303,783,62,426,67,67,612,67,67,67,190,149,67,67,0,303,123,123,0,11,4700,603,361,841,1105,41,130,258,910,303,0,460,303,120,309,2473,62,242,119,157,1743,242,140,1224
BPS_high_wk22_control_d7_D,13082,5978,5625,1811,9410,9959,303,3271,1563,244,171,431,431,2339,1730,8546,2688,3737,17057,14461,6978,7286,1622,8620,3151,122,3045,4899,883,492,2884,419,1473,2543,2616,1130,77,1500,38,684,5512,1301,513,1019,945,1112,2888,1494,1363,38,1248,1199,13655,4945,1788,38,38,16107,2374,1176,696,767,2823,3506,8307,3052,1345,5270,171,171,122,4169,2389,1788,9846,198,369,209,38,939,851,492,7483,756,5249,122,0,4016,1747,3464,6481,4129,7062,4137,3123,1441,3240,4770,2994,524,3293,77,680,4066,4807,88,171,331,342,1830,3464,137,892,55,540,959,248,9114,680,49,680,2611,1434,423,171,122,591,171,149508,64481,40089,47968,22444,6081,3393,2256,29506,8867,3075,5228,1450,1386,55839,30587,26496,2624,3521,1588,1396,15044,342,18289,624,6849,1827,0,5528,0,5197,7376,335,3841,3494,6581,6842,171,171,1728,133,133,1386,551,541,38,0,4310,0,2036,38,502,2770,772,419,750,342,1445,1126,171,226,1587,133,133,209,57,866,11,484,209,209,38,910,1081,628,133,209,209,171,388,304,248,2026,133,331,617,122,502,133,133,673,133,133,133,304,247,133,133,0,331,171,171,0,22,5591,457,248,533,1236,57,60,510,994,331,0,569,331,38,342,1330,122,209,38,238,2159,209,277,1274
BPS_high_wk22_control_d7_E,14191,5407,6148,2056,10254,10449,315,3134,1679,324,109,603,603,2016,1185,7949,2762,3313,17436,15272,7108,6901,1535,8483,2903,162,2654,4622,864,536,2712,350,1322,2333,2384,971,132,1775,66,570,4386,1079,327,823,1064,838,2742,1781,1414,66,1216,1412,16364,3641,1193,66,66,17130,2299,1135,718,695,1899,2525,8638,3573,1435,5244,109,109,162,3162,1800,1193,10223,294,403,175,66,1071,925,699,6534,546,5371,162,0,4055,1614,3241,6693,4412,7082,4083,3251,1241,3260,4199,2458,342,2722,132,682,3113,4855,147,109,337,218,1739,3281,227,1069,74,512,862,241,9341,682,81,682,2764,1256,534,109,162,564,109,145165,60276,39820,45221,21920,5361,3296,2617,27515,7842,3470,4433,1302,1415,64716,35373,27450,2484,3860,2085,2216,19496,352,18749,608,6387,1928,0,5958,0,5182,7268,387,3867,3647,7360,7425,109,109,1633,177,177,1281,393,512,66,0,4575,0,1969,66,446,1921,716,350,687,218,1405,1054,109,345,1520,177,177,175,36,856,15,600,175,175,66,915,1024,525,177,175,175,243,516,286,241,2059,177,337,644,162,446,177,177,689,177,177,177,286,249,177,177,0,337,109,109,0,30,5404,416,241,547,1096,36,95,678,1011,337,0,534,337,66,352,1668,162,175,66,197,2102,175,369,1162
BPS_high_wk22_control_d7_F,14569,5228,6306,2121,10528,10617,317,3080,1718,351,90,658,658,1917,1018,7769,2787,3176,17573,15534,7146,6774,1508,8427,2828,176,2525,4538,858,553,2655,327,1275,2256,2316,920,147,1857,73,535,4033,1010,270,760,1103,753,2695,1867,1430,73,1210,1485,17247,3242,1013,73,73,17490,2279,1124,726,673,1619,2225,8747,3734,1459,5244,90,90,176,2854,1621,1013,10334,323,413,164,73,1113,950,763,6237,482,5399,176,0,4065,1570,3175,6757,4504,7079,4065,3304,1178,3270,4022,2290,286,2546,147,685,2824,4874,163,90,339,180,1707,3217,252,1119,80,503,830,237,9423,685,89,685,2815,1202,563,90,176,557,90,143834,58958,39711,44354,21752,5124,3256,2724,26861,7533,3582,4192,1258,1427,67402,36752,27747,2437,3961,2222,2441,20979,355,18916,605,6254,1961,0,6092,0,5179,7223,400,3879,3693,7600,7608,90,90,1607,192,192,1252,344,503,73,0,4651,0,1950,73,429,1665,698,327,666,180,1393,1034,90,380,1496,192,192,164,30,852,16,633,164,164,73,915,1006,491,192,164,164,265,559,282,237,2073,192,339,650,176,429,192,192,694,192,192,192,282,252,192,192,0,339,90,90,0,32,5357,401,237,548,1054,30,105,734,1018,339,0,525,339,73,355,1759,176,164,73,186,2090,164,399,1128
BPS_high_wk22_control_d7_G,12623,4892,6993,3161,10103,9756,415,3810,1628,256,13,714,714,1573,466,6907,2665,3349,16338,15313,7450,7017,1487,9356,2485,128,2880,4235,819,350,2764,368,1200,3059,1865,878,342,2251,171,350,3510,889,39,760,1051,485,2694,2376,1418,171,905,1112,15704,1828,210,171,171,14712,1943,960,658,567,352,1222,8513,4166,1792,4585,13,13,128,1791,899,210,11017,470,483,184,171,1176,822,909,5791,257,6210,128,1,4272,1713,2702,7055,4462,7785,4101,2337,1111,2912,3636,1987,50,2004,342,511,1588,4638,354,13,312,26,1932,3638,536,1649,58,496,863,355,8728,511,183,511,2621,1029,1062,13,128,418,13,139324,56972,41429,43542,21735,5731,3937,3366,28417,6055,4771,3150,970,1181,79422,48893,28380,2656,4624,4043,5482,15630,323,17388,453,5115,1869,0,6365,0,5106,8115,708,3601,3907,8350,7898,13,13,1207,139,139,883,210,496,171,0,5420,0,1756,171,324,538,703,368,679,26,1338,778,13,629,1712,139,139,184,4,932,12,995,184,184,171,978,991,551,139,184,184,311,407,152,355,1781,139,312,837,128,325,139,139,635,139,139,139,152,148,139,139,0,312,13,13,0,23,4326,539,355,880,856,4,194,536,935,312,0,394,312,171,323,3119,128,184,171,83,1623,184,291,1027
BPS_high_wk22_bps_d7_A,16574,4833,6583,1943,11854,11399,399,2768,1910,473,59,788,788,1745,697,7538,2871,2687,18445,16298,7034,6302,1414,7986,2813,244,1941,4383,871,675,2503,249,1185,1665,2288,846,139,1933,59,539,3145,844,178,590,1241,600,2624,1910,1456,57,1295,1852,20821,2505,746,57,57,19906,2347,1151,768,646,1206,1624,9119,4084,1424,5470,59,59,236,2237,1304,746,10580,349,425,118,57,1245,1089,915,5485,366,5304,236,40,4038,1343,3117,6788,4744,6813,3958,3779,997,3451,3619,1934,214,2256,115,754,2356,5009,148,60,352,119,1551,2916,213,1059,103,477,718,173,9858,754,90,754,3020,1112,451,77,228,584,59,141406,55475,39106,42081,21395,4062,3006,2808,24130,7170,3415,3857,1223,1543,70969,36077,28282,2147,3970,1874,1883,28621,374,19778,648,6207,2066,9,6317,1,5122,6586,325,3984,3719,7931,7948,69,67,1678,248,248,1315,253,477,57,8,4521,1,1975,57,412,1279,668,240,585,136,1369,1080,76,410,1319,248,248,124,20,794,29,588,124,124,66,869,928,358,248,124,124,321,745,307,182,2217,248,352,582,227,411,248,248,708,248,248,248,309,288,248,248,8,360,69,68,13,48,5551,298,174,404,981,20,99,1016,1064,352,8,536,352,58,373,1464,227,124,65,185,2219,116,533,1039
BPS_high_wk22_bps_d7_B,17817,4391,6867,1946,12445,12018,317,2431,1998,557,22,935,935,1532,347,7193,2983,2294,19011,17113,7162,5923,1357,7643,2609,281,1576,4210,851,754,2294,179,1054,1368,2167,674,137,2112,65,450,2283,677,67,407,1354,414,2452,2077,1521,64,1332,2102,23245,1689,401,64,64,21134,2346,1147,806,604,678,1014,9481,4435,1427,5587,22,22,278,1624,964,401,10668,407,434,87,64,1327,1167,1058,4764,232,5174,278,13,4017,1226,3040,6946,5030,6692,3931,4105,847,3526,3206,1504,97,1842,128,792,1804,5101,157,22,365,45,1413,2646,242,1119,125,454,630,151,10234,792,93,792,3203,984,460,28,276,590,22,138575,52377,38305,39833,20850,3402,2709,2998,22225,6557,3570,3367,1157,1623,76376,38089,29072,2028,4168,2007,2074,32741,390,20607,666,6072,2189,3,6689,0,5171,6431,310,4081,3833,8536,8466,25,25,1673,301,301,1286,137,454,64,3,4649,0,1946,64,387,782,602,175,538,50,1349,1060,28,454,1234,301,301,89,7,780,28,624,89,89,67,878,900,262,301,89,89,370,885,323,153,2307,301,365,580,276,387,301,301,749,301,301,301,324,316,301,301,3,368,25,25,4,52,5620,240,151,365,911,7,114,1175,1097,365,3,538,365,64,390,1535,276,89,67,173,2265,86,632,976
BPS_high_wk22_bps_d7_C,11268,5392,6590,3078,9227,9157,417,4049,1503,165,61,556,556,1833,908,7355,2575,3782,15792,14501,7371,7423,1567,9625,2673,82,3308,4458,832,278,2946,440,1334,3380,2021,1025,318,2046,159,433,4515,1085,183,949,928,709,2835,2174,1367,159,891,851,12870,2873,663,159,159,13318,1966,975,627,621,1054,2016,8157,3728,1754,4513,61,61,82,2602,1358,663,10755,400,461,220,159,1058,732,731,6638,427,6212,82,0,4267,1863,2847,6902,4182,7871,4159,2072,1294,2842,4128,2458,191,2473,318,483,2328,4557,325,61,302,122,2053,3876,491,1557,37,522,962,379,8408,483,166,483,2446,1175,1029,61,82,423,61,142842,60726,41949,46063,22240,6513,4131,3113,30561,6822,4565,3760,1070,1117,72644,46068,27549,2822,4395,3832,5140,10557,311,16724,447,5392,1760,1,5992,1,5110,8350,704,3536,3792,7710,7378,61,61,1239,90,90,930,342,522,159,0,5279,0,1792,159,364,1187,758,440,742,123,1369,809,61,551,1809,90,90,220,20,953,8,937,220,220,159,983,1044,660,90,220,220,248,262,151,379,1706,90,302,840,82,363,90,90,611,90,90,90,151,130,90,90,0,302,61,61,0,15,4354,599,379,916,962,20,174,344,907,302,0,408,302,159,310,2994,82,220,159,106,1608,220,187,1120
BPS_high_wk22_bps_d7_D,12861,6036,5589,1825,9287,9861,306,3320,1545,230,176,412,412,2365,1774,8584,2673,3797,16956,14349,6974,7345,1631,8677,3168,115,3108,4921,884,478,2911,429,1489,2604,2626,1149,78,1483,39,691,5631,1324,527,1044,927,1135,2907,1480,1356,39,1239,1156,13251,5049,1828,39,39,15863,2369,1174,690,771,2885,3585,8255,3006,1348,5245,175,175,115,4250,2431,1828,9828,193,368,214,39,925,836,472,7583,772,5269,115,0,4020,1770,3471,6466,4091,7090,4145,3066,1463,3223,4826,3049,537,3342,78,672,4133,4791,89,176,329,351,1851,3505,138,892,52,544,973,253,9055,672,50,672,2584,1450,430,176,115,588,176,149861,64924,40198,48279,22510,6196,3435,2238,29821,8933,3075,5284,1456,1372,55234,30499,26402,2650,3506,1603,1422,14264,340,18165,620,6859,1811,0,5485,0,5196,7427,342,3826,3484,6514,6780,176,176,1723,125,125,1384,566,544,39,0,4309,0,2037,39,505,2828,779,429,758,351,1448,1125,176,221,1605,125,125,215,58,870,11,485,215,215,39,912,1087,643,125,215,215,164,365,301,254,2010,125,329,622,115,505,125,125,669,125,125,125,301,242,125,125,0,329,176,176,0,21,5570,468,253,546,1245,58,60,481,988,329,0,567,329,39,340,1345,115,215,39,238,2146,214,261,1284
BPS_high_wk22_bps_d7_E,14150,5280,6325,2225,10403,10410,352,3228,1695,326,89,634,634,1923,1028,7748,2750,3267,17341,15347,7142,6871,1515,8592,2839,164,2625,4540,859,517,2711,345,1295,2388,2294,953,169,1860,82,537,4144,1030,268,796,1076,762,2734,1884,1414,82,1172,1400,16661,3253,997,82,82,17005,2246,1108,712,670,1591,2236,8652,3712,1493,5154,89,89,163,2858,1610,997,10399,326,418,171,82,1106,923,751,6328,485,5515,163,9,4090,1603,3140,6750,4440,7173,4071,3141,1198,3222,4061,2345,286,2575,163,660,2799,4832,180,89,334,179,1758,3315,274,1159,73,506,850,252,9276,660,99,660,2759,1210,610,93,161,541,89,143916,59329,40064,44705,21865,5300,3391,2752,27365,7506,3667,4183,1241,1386,67564,37553,27651,2476,3986,2371,2699,19763,348,18588,586,6161,1925,2,6042,0,5156,7328,434,3830,3690,7550,7530,91,91,1568,176,176,1222,353,506,82,2,4697,0,1936,82,423,1645,713,343,675,182,1390,1013,93,398,1532,176,176,172,30,861,16,662,172,172,83,918,1007,514,176,172,172,261,517,265,254,2026,176,334,668,161,423,176,176,678,176,176,176,265,235,176,176,2,335,91,91,3,31,5237,425,252,586,1046,30,111,687,1003,334,2,511,334,82,348,1875,161,172,83,177,2034,171,369,1128
BPS_high_wk22_bps_d7_F,15494,4994,6454,2061,11048,11023,308,2882,1795,410,72,736,736,1811,836,7616,2846,2926,17990,15989,7156,6532,1467,8192,2764,205,2259,4449,855,612,2548,285,1212,2002,2277,847,141,1927,70,510,3546,917,216,660,1174,660,2622,1923,1458,70,1248,1662,18930,2822,850,70,70,18523,2301,1132,750,654,1369,1898,8959,3925,1446,5349,72,72,205,2523,1446,850,10410,345,417,142,70,1171,1011,844,5827,414,5320,205,1,4048,1474,3145,6811,4656,6963,4030,3542,1086,3345,3796,2069,235,2350,140,717,2553,4941,159,72,347,144,1620,3048,248,1115,93,489,773,212,9663,717,89,717,2928,1142,530,72,205,568,72,142401,57138,39274,43084,21488,4641,3087,2795,25551,7270,3572,3969,1233,1485,69819,37033,28123,2324,4016,2149,2315,24266,366,19422,624,6218,2028,0,6263,0,5182,7002,371,3941,3733,7865,7854,72,72,1630,223,223,1264,286,489,70,0,4648,0,1950,70,419,1429,669,284,631,144,1381,1043,72,397,1421,223,223,142,24,832,19,628,142,142,70,906,978,426,223,142,142,294,652,295,212,2142,223,347,629,205,419,223,223,712,223,223,223,295,271,223,223,0,347,72,72,0,37,5445,354,212,494,1017,24,107,858,1041,347,0,531,347,70,366,1687,205,142,70,184,2144,142,466,1087
BPS_high_wk22_bps_d7_G,13672,4716,7049,2991,10616,10219,394,3550,1708,320,5,779,779,1515,361,6861,2732,3104,16852,15752,7427,6770,1452,9041,2464,160,2600,4190,821,426,2654,325,1152,2742,1879,815,315,2272,157,347,3126,818,15,668,1121,429,2628,2371,1445,157,973,1313,17397,1602,150,157,157,15949,2000,985,687,561,264,1036,8732,4292,1743,4752,5,5,160,1608,820,150,11009,474,479,162,157,1222,892,966,5468,221,6047,160,1,4235,1612,2726,7073,4604,7602,4065,2660,1036,3019,3474,1820,29,1886,315,560,1478,4724,329,5,322,10,1828,3439,501,1587,72,484,808,319,9023,560,172,560,2745,994,977,5,160,443,5,138522,55544,40840,42480,21494,5229,3709,3360,27063,5981,4631,3062,979,1261,80286,47815,28654,2531,4602,3778,5035,19181,336,18020,487,5209,1941,0,6491,0,5118,7819,649,3689,3920,8509,8091,5,5,1271,174,174,935,172,484,157,0,5335,0,1777,157,327,448,676,324,646,10,1334,814,5,617,1621,174,174,162,2,905,15,951,162,162,157,963,968,486,174,162,162,332,509,179,320,1876,174,322,798,160,327,174,174,658,174,174,174,180,177,174,174,0,322,5,5,0,29,4519,482,319,796,845,2,186,669,966,322,0,414,322,157,336,2904,160,162,157,92,1723,162,363,1002
